file,z1,l_hp,l_cost,n_measured,n_bailed
2024-05-17_2p_mini_edited_Turn_7_(28114).json.gz,1.0,12.456400000000002,15.570799999999998,14,7
2024-06-04_2p_mini_edited_Turn_15_(39720).json.gz,-1.0,-27.406979999999997,8.826699999999995,30,12
2025-06-15_2p_-_Micro_Isar_Turn_9_(128817).json.gz,1.0,38.21615000000001,4.029299999999992,25,6
2024-05-06_2p_mini_edited_Turn_7_(21127).json.gz,1.0,27.688,13.428399999999998,17,2
2024-10-29_2p__Sullas_Ruins_Turn_11_(13400).json.gz,-1.0,-64.39996319999999,8.858603200000006,41,3
2024-05-09_2p_mini_edited_Turn_80_(23044).json.gz,1.0,49.65815682792018,1.7805672257921086,83,57
2025-08-30_2p_-_Micro_Isar_Turn_8_(188136).json.gz,-1.0,-13.252700000000003,-55.390800000000006,33,6
2024-05-01_2p_mini_edited_Turn_12_(17338).json.gz,1.0,14.522000000000016,-0.10799999999999876,34,4
2025-03-17_2p__Howling_Ghost_Badlands_Turn_12_(57916).json.gz,1.0,11.693389999999992,5.251110000000006,60,3
2024-07-22_2p__Hamlets_Turn_17_(15458).json.gz,1.0,-27.188986000000007,-68.8082,77,9
2025-08-23_2p__Tombs_of_Kesorak_Turn_14_(182479).json.gz,-1.0,-123.98751054245739,-35.2541384422025,70,2
2024-04-30_2p_mini_edited_Turn_6_(16730).json.gz,1.0,20.796954745819562,8.115922513524444,15,3
2025-11-28_2p__Sablestone_Delta_Turn_7_(16523).json.gz,1.0,29.107112120122256,21.362045716319315,15,6
2025-10-22_2p__Caves_of_the_Basilisk_Turn_22_(227794).json.gz,1.0,-53.60466639999999,-57.76766576000002,85,11
2024-05-15_2p_mini_edited_Turn_6_(26977).json.gz,1.0,30.886200000000006,18.261,17,1
2024-11-25_2p__Caves_of_the_Basilisk_Turn_15_(19780).json.gz,-1.0,-29.652903999999996,-45.844392000000006,61,14
2024-10-27_2p__Caves_of_the_Basilisk_Turn_17_(11162).json.gz,1.0,46.31840000000002,22.56360000000003,54,0
2024-04-29_2p_mini_edited_Turn_16_(15975).json.gz,1.0,23.591047912514473,-1.6519588822449656,45,10
2024-07-08_2p_mini_edited_Turn_5_(6581).json.gz,-1.0,-16.388399999999997,8.36816,14,0
2025-01-28_2p__Caves_of_the_Basilisk_Turn_15_(16382).json.gz,-1.0,-19.06174,-64.1365,63,3
2024-06-01_2p_mini_edited_Turn_9_(38017).json.gz,-1.0,-51.50457,25.55197,26,5
2025-11-04_2p__Fallenstar_Lake_Turn_20_(236163).json.gz,-1.0,-15.856566074679693,19.532799516309417,119,23
2024-05-07_2p_mini_edited_Turn_17_(21689).json.gz,1.0,-3.5780095999999983,40.918608,52,20
2024-06-29_2p__Fallenstar_Lake_Turn_13_(576).json.gz,1.0,49.25206760573377,6.330998943149954,42,3
2026-07-22_2p__Hellhole_Turn_18_(49543).json.gz,1.0,9.52240799999999,-21.61106400000001,106,21
2024-10-19_2p__Aethermaw_Turn_19_(5192).json.gz,-1.0,-160.00169999999997,-55.67649999999999,69,15
2024-04-23_2p_mini_edited_Turn_18_(11946).json.gz,-1.0,25.451249999999987,-14.582999999999998,43,14
2024-05-30_2p_mini_edited_Turn_7_(36171).json.gz,-1.0,28.623217599999993,8.2368496,25,1
2024-06-07_2p_mini_edited_Turn_6_(41862).json.gz,1.0,43.155332,17.874699999999997,18,0
2024-05-10_2p_mini_edited_Turn_10_(23728).json.gz,-1.0,19.10177680000001,-9.878460800000001,24,4
2024-05-07_2p_mini_edited_Turn_7_(21669).json.gz,1.0,-3.3698,-2.2773000000000074,23,3
2024-10-03_2p_-_Micro_Isar_Turn_12_(43049).json.gz,1.0,17.598800000000004,-1.4208000000000016,28,11
2025-10-24_2p__Hamlets_Turn_17_(229178).json.gz,1.0,-9.620795626337813,20.317161283594,65,17
2024-07-18_2p_mini_edited_Turn_6_(12677).json.gz,1.0,4.682750000000002,-11.4725,16,2
2024-06-23_2p_mini_edited_Turn_7_(52595).json.gz,1.0,29.5069232,-1.66704,19,4
2025-02-21_2p__Aethermaw_Turn_12_(37867).json.gz,-1.0,-20.646715660000005,-9.663711420000002,29,4
2026-01-24_2p_-_Micro_Isar_Turn_7_(66815).json.gz,1.0,-1.7686000000000046,-10.975100000000001,25,3
2025-06-08_2p__Ruphus_Isle_Turn_11_(122841).json.gz,-1.0,-58.360336000000004,2.0066207999999897,44,9
2025-02-09_2p_-_Micro_Isar_Turn_6_(26957).json.gz,1.0,36.55864400000001,56.421428,12,1
2024-12-07_2p_-_Micro_Isar_Turn_9_(3086).json.gz,1.0,1.0067999999999961,13.058700000000009,23,2
2025-04-23_2p__Weldyn_Channel_Turn_8_(86927).json.gz,-1.0,40.24081485240649,18.78970138148443,21,2
2024-07-23_2p_mini_edited_Turn_10_(16633).json.gz,-1.0,-72.17888000000002,-49.93344,33,2
2026-05-15_2p__Caves_of_the_Basilisk_Turn_13_(2255).json.gz,-1.0,27.66959999999999,10.262299999999994,54,14
2025-10-28_2p__Howling_Ghost_Badlands_Turn_6_(231879).json.gz,-1.0,4.383102541455118,-28.31855424213588,13,1
2024-08-29_2p__Hamlets_Turn_21_(16011).json.gz,1.0,35.35970000000002,21.533499999999997,51,1
2024-06-11_2p_mini_edited_Turn_6_(44627).json.gz,1.0,5.086000000000006,33.585734,19,1
2024-09-07_2p__Hamlets_Turn_12_(22186).json.gz,-1.0,11.677779999999979,14.221939999999998,67,15
2025-06-25_2p__Ruined_Passage_Turn_23_(137086).json.gz,-1.0,89.05357999999997,41.46059999999999,105,31
2026-06-20_2p__Den_of_Onis_Turn_13_(27426).json.gz,1.0,-21.309596000000003,18.82888000000001,30,4
2025-11-12_2p__Den_of_Onis_Turn_17_(3896).json.gz,-1.0,9.002879999999973,16.646799999999995,66,9
2025-03-01_2p__Hamlets_Turn_23_(44546).json.gz,1.0,107.36820905511546,-27.12588620157137,61,6
2026-02-25_2p__Fallenstar_Lake_Turn_8_(96477).json.gz,1.0,35.39384000000001,23.40512,15,0
2026-06-15_2p__Aethermaw_Turn_10_(24284).json.gz,1.0,-5.159799999999999,-16.056299999999993,23,0
2025-04-27_2p__Fallenstar_Lake_Turn_16_(89922).json.gz,1.0,-4.993058400000011,-46.3150801,79,7
2026-01-11_2p__Hornshark_Island_Turn_8_(54531).json.gz,1.0,36.04520000000002,41.77900000000001,31,0
2025-01-26_2p_-_Micro_Isar_Turn_7_(14383).json.gz,-1.0,-16.79330000000001,1.208500000000008,17,2
2024-04-24_2p_mini_edited_Turn_5_(12496).json.gz,1.0,-3.803844,17.916054400000004,17,3
2024-05-23_2p_mini_edited_Turn_9_(31970).json.gz,1.0,50.698238004108035,5.831433296027226,27,1
2025-03-01_2p_-_Micro_Isar_Turn_7_(44874).json.gz,1.0,19.24994560000001,46.515544000000006,26,1
2025-04-19_2p__Ruphus_Isle_Turn_11_(83961).json.gz,1.0,31.35902,59.529712,36,2
2024-08-28_2p__Hamlets_Turn_16_(15663).json.gz,-1.0,-60.843472000000006,-73.83151999999998,41,15
2024-12-01_2p_-_Micro_Isar_Turn_14_(24571).json.gz,1.0,5.06825999999999,2.876400000000002,42,5
2024-05-27_2p__Weldyn_Channel_Turn_17_(34151).json.gz,-1.0,-17.170280000000012,-17.689420000000002,79,10
2025-02-09_2p__Hamlets_Turn_29_(27751).json.gz,1.0,-41.07759999999999,-46.103,78,7
2024-05-08_2p_mini_edited_Turn_7_(22574).json.gz,1.0,0.47790000000000354,2.4890000000000008,15,8
2025-02-23_2p__Clearing_Gushes_Turn_13_(39755).json.gz,1.0,38.47424959999999,-9.721072799999984,53,3
2026-01-03_2p_-_Micro_Isar_Turn_5_(47863).json.gz,1.0,12.428655999999998,2.5689600000000024,18,1
2025-01-23_2p__Hamlets_Turn_14_(11113).json.gz,-1.0,-27.63835954634588,-20.442320918923294,43,4
2025-05-10_2p__Weldyn_Channel_Turn_15_(100356).json.gz,1.0,63.78396000000001,55.38710000000001,86,8
2026-06-21_2p_-_Micro_Isar_Turn_5_(28130).json.gz,1.0,24.924600000000005,12.276000000000002,17,1
2026-01-31_2p__Hamlets_Turn_19_(73395).json.gz,1.0,35.4283936,43.9051432,60,14
2024-05-13_2p_mini_edited_Turn_8_(25685).json.gz,-1.0,-62.15656,-38.0519,20,3
2024-05-18_2p__Caves_of_the_Basilisk_Turn_15_(28937).json.gz,-1.0,24.45110656,-41.160556799999995,52,2
2024-06-23_2p_mini_edited_Turn_8_(52685).json.gz,-1.0,24.163026553762627,-4.6769385650879105,22,5
2025-10-22_2p__Caves_of_the_Basilisk_Turn_15_(227940).json.gz,1.0,15.933105599999994,-11.462017600000008,88,9
2024-08-03_2p__Hamlets_Turn_56_(1159).json.gz,1.0,118.33886260980078,-119.05770634776214,221,50
2025-05-28_2p__Ruphus_Isle_Turn_17_(114037).json.gz,-1.0,18.16400000000001,12.047240000000002,69,12
2024-08-08_2p_mini_edited_Turn_6_(1190).json.gz,1.0,14.93047999999999,-34.61554000000001,15,4
2024-06-23_2p__Hamlets_Turn_9_(52553).json.gz,-1.0,34.016208,2.933167999999995,33,2
2026-06-09_2p__Howling_Ghost_Badlands_Turn_20_(19357).json.gz,1.0,-102.07649900000001,-36.700320000000005,102,19
2025-07-27_2p__Hamlets_Turn_16_(159917).json.gz,1.0,45.53596000000001,18.83104000000001,77,11
2025-05-03_2p__Hamlets_Turn_10_(95270).json.gz,1.0,1.1727800000000101,-8.252199999999991,26,0
2024-04-12_2p__Caves_of_the_Basilisk_Turn_23_(5158).json.gz,1.0,-57.31954999999998,2.151500000000002,109,15
2026-02-13_2p__Weldyn_Channel_Turn_17_(85604).json.gz,1.0,50.02239999999998,8.986000000000004,65,10
2024-12-06_2p__Caves_of_the_Basilisk_Turn_15_(2113).json.gz,-1.0,-48.946624000000014,-17.76002000000002,53,4
2025-08-31_2p__Weldyn_Channel_Turn_5_(188794).json.gz,-1.0,15.9088,-10.038000000000002,10,1
2025-08-14_2p__Hamlets_Turn_12_(174455).json.gz,-1.0,7.4004,3.4052000000000007,29,1
2026-06-20_2p__Ruphus_Isle_Turn_20_(26887).json.gz,1.0,-20.683236369348787,-32.30447635499837,78,9
2024-05-07_2p_mini_edited_Turn_14_(21732).json.gz,-1.0,9.836072000000016,-42.431044,44,8
2024-10-23_2p__The_Freelands_Turn_14_(8128).json.gz,-1.0,-34.472658400000014,72.9862344,47,7
2025-01-25_2p__Swamp_of_Dread_Turn_25_(12889).json.gz,1.0,88.97811999999999,53.54199200000002,104,7
2024-07-04_2p_mini_edited_Turn_8_(4136).json.gz,1.0,0.9185800000000057,11.963920000000002,18,3
2024-06-04_2p__Caves_of_the_Basilisk_Turn_12_(39707).json.gz,1.0,-21.763750000000005,-9.2015,33,3
2025-01-05_2p__Hamlets_Turn_16_(19076).json.gz,1.0,124.27395999999997,35.7901,56,2
2026-03-18_2p__Elensefar_Courtyard_Turn_14_(5843).json.gz,-1.0,192.91457999999983,89.83396,182,28
2024-05-11_2p__Weldyn_Channel_Turn_24_(24608).json.gz,1.0,87.35271284732605,24.81364466026259,112,25
2024-07-22_2p__The_Freelands_Turn_19_(15958).json.gz,-1.0,-108.37687526216939,-19.181689746976936,87,13
2024-05-28_2p_mini_edited_Turn_16_(35171).json.gz,-1.0,-18.348680477989788,-13.304420698789087,21,14
2024-08-24_2p_-_Micro_Isar_Turn_9_(12333).json.gz,1.0,-24.342000000000013,-23.028000000000002,27,9
2024-07-22_2p_mini_edited_Turn_6_(15922).json.gz,-1.0,-8.863200000000003,4.7059200000000025,26,6
2024-07-19_2p_mini_edited_Turn_6_(13420).json.gz,-1.0,-27.110450000000007,-12.9616,17,1
2025-10-24_2p__Clearing_Gushes_Turn_17_(229028).json.gz,-1.0,-29.76873000000001,-13.489960000000004,72,11
2025-06-21_2p_-_Micro_Isar_Turn_8_(133422).json.gz,1.0,-31.17039999999999,-24.699199999999994,18,8
2025-03-08_2p__Ruphus_Isle_Turn_9_(50487).json.gz,-1.0,22.318320692265473,-18.67931553572457,34,3
2024-11-10_2p__Fallenstar_Lake_Turn_15_(7808).json.gz,1.0,-2.2909953315650995,-32.614388106094985,51,5
2024-11-13_2p__Weldyn_Channel_Turn_16_(9726).json.gz,-1.0,20.908259999999977,-0.19898000000000593,79,14
2024-04-02_2p__Fallenstar_Lake_Turn_18_(3449).json.gz,-1.0,16.358920000000015,-74.95204,102,15
2026-04-27_2p__Caves_of_the_Basilisk_Turn_9_(34881).json.gz,1.0,-78.88266399999998,-9.343552,26,4
2025-10-12_2p__Caves_of_the_Basilisk_Turn_41_(220202).json.gz,1.0,-32.323731200000076,27.053703679999984,206,27
2025-06-04_2p__Weldyn_Channel_Turn_11_(119402).json.gz,-1.0,-28.081764000000028,9.45910159999999,43,13
2025-07-12_2p__Silverhead_Crossing_Turn_13_(149238).json.gz,1.0,9.689399999999992,-53.60583999999999,64,2
2024-11-09_2p__Caves_of_the_Basilisk_Turn_11_(6909).json.gz,1.0,60.165876,34.457344,34,4
2024-06-30_2p_mini_edited_Turn_11_(1654).json.gz,1.0,-6.892000000000005,16.528000000000006,28,5
2024-05-04_2p__Den_of_Onis_Turn_15_(19556).json.gz,1.0,-66.86640880000002,-59.610094399999994,63,10
2026-02-01_2p_-_Micro_Isar_Turn_6_(74918).json.gz,1.0,-23.784999999999997,-14.395800000000001,19,3
2025-08-18_2p__Hamlets_Turn_17_(177837).json.gz,1.0,16.212500000000006,9.9356,49,6
2024-05-26_2p__Hellhole_Turn_23_(33426).json.gz,1.0,-34.14284199999998,26.82149600000001,112,18
2024-08-04_2p__Hamlets_Turn_13_(2341).json.gz,1.0,10.176299999999996,-80.62859999999999,56,7
2026-01-12_2p__Sullas_Ruins_Turn_19_(56119).json.gz,1.0,100.12513440000006,128.7295416,320,78
2025-09-09_2p__Hellhole_Turn_15_(196335).json.gz,1.0,48.46475999999999,-13.267519999999994,54,17
2024-08-31_2p__Arcanclave_Citadel_Turn_21_(17523).json.gz,-1.0,45.383960000000044,-66.16180000000003,116,12
2024-12-28_2p__Hamlets_Turn_24_(11278).json.gz,1.0,-6.767396249730105,85.7568682710091,103,48
2025-01-19_2p__The_Freelands_Turn_12_(8460).json.gz,1.0,-13.81014999999999,-7.690849999999993,40,1
2024-03-28_2p__Fallenstar_Lake_Turn_11_(246).json.gz,1.0,24.06769999999999,43.35542000000001,39,3
2024-03-22_2p__Thousand_Stings_Garrison_Turn_9_(204).json.gz,-1.0,1.9192519999999984,-14.791360000000001,50,10
2024-07-22_2p_mini_edited_Turn_6_(15891).json.gz,-1.0,-42.37190000000001,-12.27044,22,6
2024-06-10_2p_mini_edited_Turn_5_(43821).json.gz,-1.0,-17.405500000000004,-13.540000000000003,11,0
2025-06-12_2p_-_Micro_Isar_Turn_6_(126022).json.gz,-1.0,-35.03919999999998,-34.340799999999994,18,0
2024-05-12_2p_mini_edited_Turn_15_(25244).json.gz,-1.0,10.805200000000005,41.20288000000001,38,13
2024-10-08_2p__Sablestone_Delta_Turn_11_(46400).json.gz,1.0,-67.20374912,-40.61974527999999,43,5
2025-12-18_2p__Caves_of_the_Basilisk_Turn_8_(33043).json.gz,-1.0,-18.9069456,-18.611007200000007,21,1
2024-08-01_2p__Sablestone_Delta_Turn_11_(366).json.gz,1.0,-26.5650416,26.04207680000001,53,1
2025-01-13_2p__The_Freelands_Turn_14_(3185).json.gz,1.0,73.68915000000003,44.676344,46,4
2024-07-13_2p_-_Micro_Isar_Turn_10_(9391).json.gz,1.0,54.77047000000002,13.720616000000003,27,6
2025-11-21_2p__Ruphus_Isle_Turn_19_(9800).json.gz,-1.0,-18.926584563493314,-43.002791914028776,187,41
2025-01-14_2p__Fallenstar_Lake_Turn_48_(3720).json.gz,-1.0,58.26661760000004,-14.72236999999998,278,61
2024-06-16_2p_mini_edited_Turn_6_(47940).json.gz,-1.0,16.927629999999994,-12.142960000000004,20,2
2025-04-19_2p__Hamlets_Turn_19_(83553).json.gz,-1.0,-58.91612288000003,35.04989823999999,66,4
2024-05-03_2p__Howling_Ghost_Badlands_Turn_13_(18724).json.gz,-1.0,-38.743649999999995,-5.15556,69,15
2024-06-11_2p__Silverhead_Crossing_Turn_11_(44714).json.gz,1.0,-21.556317279999995,2.570585439999997,36,3
2024-04-13_2p_mini_edited_Turn_7_(5795).json.gz,-1.0,-63.33784,-38.21152,28,4
2024-05-16_2p_mini_edited_Turn_10_(27451).json.gz,-1.0,-101.92739999999998,-40.02960000000001,25,2
2024-10-07_2p__Den_of_Onis_Turn_12_(45294).json.gz,1.0,2.558420172031342,-9.040808698480888,33,10
2025-07-04_2p__Silverhead_Crossing_Turn_19_(143227).json.gz,-1.0,29.43915327999998,51.89349743999999,79,13
2024-07-20_2p_mini_edited_Turn_7_(14031).json.gz,-1.0,-19.882,4.199199999999998,20,7
2024-12-14_2p_-_Micro_Isar_Turn_5_(435).json.gz,1.0,52.510000000000005,8.130000000000006,10,3
2025-05-04_2p__Sullas_Ruins_Turn_39_(95694).json.gz,1.0,13.389561760000007,-36.17295887999999,149,43
2025-06-13_2p__Aethermaw_Turn_11_(127006).json.gz,1.0,-43.395304,-25.428303999999997,38,5
2026-03-18_2p__Ruphus_Isle_Turn_8_(6096).json.gz,-1.0,40.530600000000014,-12.4905,25,0
2024-06-28_2p_mini_edited_Turn_7_(334).json.gz,-1.0,21.416805200000006,47.13438160000001,19,1
2024-06-22_2p_-_Micro_Isar_Turn_8_(52459).json.gz,-1.0,-50.85460000000001,-14.560519999999999,13,6
2026-05-10_2p__Caves_of_the_Basilisk_Turn_30_(4537).json.gz,1.0,-12.389336477573902,4.932624058302196,136,11
2025-09-01_2p__Caves_of_the_Basilisk_Turn_8_(190278).json.gz,-1.0,-9.740000000000002,6.075199999999999,34,1
2025-09-03_2p__Sablestone_Delta_Turn_10_(191580).json.gz,1.0,-4.796890317267432,-12.059493024054277,35,3
2025-08-22_2p__Ruphus_Isle_Turn_27_(181530).json.gz,1.0,28.108271985105958,42.77185557257966,153,48
2024-06-12_2p__Cynsaun_Battlefield_Turn_20_(45592).json.gz,1.0,-15.319065000000016,-66.249412,167,27
2024-05-30_2p_mini_edited_Turn_7_(36129).json.gz,1.0,16.27228000000001,15.860320000000002,16,4
2024-07-18_2p_mini_edited_Turn_21_(13146).json.gz,1.0,-4.447799999999965,39.086200000000005,53,21
2024-06-11_2p__Hamlets_Turn_13_(44963).json.gz,1.0,-1.9635750893373278,35.36281225698191,49,9
2025-04-25_2p__Howling_Ghost_Badlands_Turn_11_(88011).json.gz,-1.0,-18.401747999999998,-1.0956960000000038,59,3
2026-02-25_2p__Weldyn_Channel_Turn_9_(97053).json.gz,-1.0,-35.25892799999999,-47.880292,36,3
2026-04-10_2p__The_Freelands_Turn_17_(22055).json.gz,1.0,3.083120000000008,-5.871440000000003,39,0
2026-04-24_2p__Elensefar_Courtyard_Turn_32_(32836).json.gz,-1.0,91.68536591999987,-34.94379535999999,164,28
2025-02-26_2p__Caves_of_the_Basilisk_Turn_8_(42088).json.gz,1.0,-9.6138,-4.172799999999997,16,5
2026-04-16_2p__Hamlets_Turn_14_(26869).json.gz,1.0,-58.99830199999999,-59.119359999999986,46,6
2025-09-06_2p__Cynsaun_Battlefield_Turn_27_(194123).json.gz,1.0,51.151245199999984,35.68029919999996,185,48
2024-05-10_2p__Caves_of_the_Basilisk_Turn_14_(23777).json.gz,1.0,-43.048308000000006,-15.084296000000009,58,11
2024-09-10_2p__Aethermaw_Turn_8_(24642).json.gz,1.0,7.177705600000014,-31.926614400000002,39,3
2025-01-01_2p__Howling_Ghost_Badlands_Turn_15_(15085).json.gz,-1.0,-14.895825599999991,-35.961155999999995,63,1
2026-04-06_2p__Caves_of_the_Basilisk_Turn_15_(19135).json.gz,-1.0,-38.118343999999986,-60.505792,76,8
2024-07-31_2p_mini_edited_Turn_6_(21979).json.gz,-1.0,52.04463876250733,-27.92480604212732,18,1
2024-04-12_2p_mini_edited_Turn_10_(5417).json.gz,-1.0,9.492259878116027,-39.87954659841279,27,2
2024-10-01_2p__Hamlets_Turn_20_(41093).json.gz,-1.0,79.01907999999997,28.323439999999998,96,17
2025-06-08_2p__Weldyn_Channel_Turn_20_(122709).json.gz,1.0,27.186816000000047,17.96402400000003,82,26
2024-07-20_2p_-_Micro_Isar_Turn_7_(14278).json.gz,1.0,51.105999999999995,2.0079999999999965,31,2
2024-04-14_2p_mini_edited_Turn_5_(6956).json.gz,-1.0,6.806049999999999,-10.233600000000003,16,3
2025-02-07_2p__Caves_of_the_Basilisk_Turn_10_(25968).json.gz,1.0,60.12285,29.0767,50,1
2024-06-02_2p_-_Micro_Isar_Turn_7_(38425).json.gz,1.0,15.053700000000008,-43.195499999999996,22,2
2024-12-26_2p__Fallenstar_Lake_Turn_20_(9923).json.gz,-1.0,112.99389999999998,99.43101999999999,122,14
2025-06-17_2p__Hamlets_Turn_11_(130092).json.gz,-1.0,-27.08892031674484,-34.44930006168256,41,2
2025-03-28_2p__Weldyn_Channel_Turn_19_(66546).json.gz,-1.0,-62.36633000000003,-23.984199999999998,101,22
2024-10-29_2p__Hamlets_Turn_12_(13111).json.gz,-1.0,14.799759999999992,17.164279999999998,41,1
2024-09-16_2p__Weldyn_Channel_Turn_20_(29987).json.gz,-1.0,-44.04720000000002,-33.45770000000001,83,32
2024-11-23_2p_-_Micro_Isar_Turn_7_(17797).json.gz,-1.0,-19.478800000000014,-30.266900000000007,20,5
2025-09-06_2p__The_Walls_of_Pyrennis_Turn_14_(193887).json.gz,-1.0,-79.7076,-39.557559999999995,65,4
2024-11-03_2p__Caves_of_the_Basilisk_Turn_14_(2790).json.gz,-1.0,-13.456348399999959,-10.052064799999993,67,5
2024-09-23_2p__Sablestone_Delta_Turn_12_(34960).json.gz,-1.0,-3.1189,22.137099999999993,49,4
2026-06-05_2p__Ruphus_Isle_Turn_11_(16326).json.gz,-1.0,-24.4058,-13.535399999999992,32,3
2025-05-28_2p__Tombs_of_Kesorak_Turn_21_(113893).json.gz,1.0,97.22769040000006,12.691748,92,22
2024-04-16_2p_mini_edited_Turn_8_(7804).json.gz,1.0,4.2681000000000004,14.73,21,2
2024-04-16_2p__Caves_of_the_Basilisk_Turn_13_(7630).json.gz,-1.0,-9.566183999999977,-54.299307999999996,66,18
2025-01-16_2p__Caves_of_the_Basilisk_Turn_16_(5248).json.gz,-1.0,-16.707896000000034,25.37414399999999,89,10
2026-01-07_2p__Hamlets_Turn_9_(51370).json.gz,1.0,-4.026000000000006,-17.133500000000012,24,0
2025-05-09_2p__Hamlets_Turn_9_(99542).json.gz,-1.0,-18.361199999999997,-22.003999999999998,22,0
2025-06-13_2p__Weldyn_Channel_Turn_18_(126997).json.gz,-1.0,29.26232255179113,3.287403497812061,43,0
2024-05-26_2p__Hamlets_Turn_15_(33476).json.gz,1.0,56.26044000000003,32.89428000000001,104,17
2024-10-27_2p_-_Micro_Isar_Turn_10_(11810).json.gz,1.0,15.767499999999995,16.331999999999997,26,5
2024-06-11_2p__Fallenstar_Lake_Turn_12_(44747).json.gz,-1.0,-8.586239999999984,-1.580700000000001,47,8
2024-11-03_2p__Hamlets_Turn_13_(2373).json.gz,-1.0,-36.35147500000001,-19.035939499999998,32,0
2026-03-07_2p__Caves_of_the_Basilisk_Turn_19_(105136).json.gz,1.0,-40.182447040000014,-71.55058784000002,97,15
2024-08-06_2p__Cynsaun_Battlefield_Turn_24_(4055).json.gz,-1.0,-79.44131200000002,-72.92254480000003,145,32
2025-05-29_2p__Caves_of_the_Basilisk_Turn_13_(114343).json.gz,-1.0,-110.14449371000018,7.566003058576388,50,12
2024-10-29_2p__Caves_of_the_Basilisk_Turn_13_(12978).json.gz,1.0,54.47246917822669,53.10942560372923,45,7
2026-07-05_2p__The_Freelands_Turn_6_(37863).json.gz,1.0,20.871980000000004,-1.4760400000000011,14,2
2024-06-25_2p_mini_edited_Turn_5_(54390).json.gz,1.0,2.6747200000000086,-19.35432,10,2
2025-08-05_2p__Hamlets_Turn_27_(167699).json.gz,1.0,66.90658861519074,71.94136500538218,74,9
2024-09-23_2p_-_Micro_Isar_Turn_5_(34976).json.gz,-1.0,-83.3532927067138,-79.15639268106544,12,2
2026-04-05_2p__Caves_of_the_Basilisk_Turn_15_(18860).json.gz,1.0,29.026453599999996,12.630641599999995,50,15
2024-09-19_2p__Ruined_Passage_Turn_13_(31869).json.gz,1.0,4.602947999999989,7.709591999999992,51,9
2025-04-13_2p_-_Micro_Isar_Turn_5_(79465).json.gz,1.0,19.094799999999992,29.178399999999996,16,0
2024-09-30_2p__Fallenstar_Lake_Turn_13_(40537).json.gz,1.0,17.164262400000005,11.050100800000003,40,2
2026-04-20_2p__Sullas_Ruins_Turn_21_(29967).json.gz,-1.0,-22.548990995266102,-4.235213273648795,110,14
2024-08-26_2p__Fallenstar_Lake_Turn_10_(14388).json.gz,-1.0,45.12443960000003,175.49775680000005,91,12
2025-11-29_2p_-_Micro_Isar_Turn_6_(17918).json.gz,1.0,-2.6152920000000037,-21.1342472,16,3
2025-04-02_2p__Howling_Ghost_Badlands_Turn_9_(70706).json.gz,1.0,-33.828607999999996,16.110647999999998,20,1
2024-05-31_2p__Hellhole_Turn_6_(36734).json.gz,-1.0,-31.015799999999995,-17.8328,19,0
2024-03-25_2p__Aethermaw_Turn_12_(35).json.gz,1.0,23.599418464184286,13.519389972809556,30,2
2026-04-07_2p__Silverhead_Crossing_Turn_27_(19877).json.gz,-1.0,-55.31729779999999,-42.63505469999998,91,4
2025-04-29_2p__Den_of_Onis_Turn_15_(91405).json.gz,1.0,-24.11303999999998,10.109640000000006,43,3
2024-05-30_2p__Den_of_Onis_Turn_20_(36471).json.gz,-1.0,2.224,-8.448000000000002,2,32
2024-07-22_2p_mini_edited_Turn_5_(15855).json.gz,-1.0,-12.467400000000007,-8.140800000000002,14,2
2026-02-24_2p__Sablestone_Delta_Turn_8_(95971).json.gz,-1.0,67.17600000000002,-11.396719999999995,42,5
2024-07-20_2p_-_Micro_Isar_Turn_5_(14173).json.gz,1.0,1.5323599999999944,-23.76352,15,3
2026-03-20_2p__Caves_of_the_Basilisk_Turn_13_(6873).json.gz,-1.0,-16.403920000000003,54.056560000000005,46,0
2026-03-12_2p__Cynsaun_Battlefield_Turn_34_(1883).json.gz,1.0,78.40261649731814,97.52765367522386,254,50
2024-12-23_2p__Fallenstar_Lake_Turn_20_(7291).json.gz,-1.0,-11.637163999999986,-54.919207999999976,106,19
2024-09-15_2p_-_Micro_Isar_Turn_15_(29131).json.gz,1.0,-83.4009848,-19.710288800000004,32,12
2025-04-29_2p__Weldyn_Channel_Turn_28_(91622).json.gz,-1.0,1.6515300000000126,-104.93367999999998,140,58
2024-07-29_2p__Howling_Ghost_Badlands_Turn_10_(20059).json.gz,1.0,74.32858000000003,42.70676,32,3
2024-08-11_2p_-_Micro_Isar_Turn_9_(3363).json.gz,1.0,2.632000000000009,-6.910999999999998,28,3
2024-07-02_2p_mini_edited_Turn_10_(2559).json.gz,-1.0,-17.265000000000008,-18.521839999999997,19,9
2024-04-15_2p__Fallenstar_Lake_Turn_11_(7334).json.gz,1.0,-25.712848581014807,-16.776681293269238,59,1
2025-08-26_2p__Hamlets_Turn_15_(184619).json.gz,1.0,39.45906200000002,-35.208814,54,9
2026-02-17_2p__Cynsaun_Battlefield_Turn_12_(89805).json.gz,1.0,3.960500000000005,-13.483999999999995,43,0
2025-09-08_2p__Weldyn_Channel_Turn_11_(195991).json.gz,-1.0,-22.366698891128408,-24.855050107006512,27,3
2024-05-30_2p__Hamlets_Turn_22_(36017).json.gz,1.0,-10.644355999999977,-22.147760000000005,104,10
2024-04-04_2p__Den_of_Onis_Turn_13_(756).json.gz,1.0,86.613272,63.99135200000001,49,9
2024-06-11_2p_mini_edited_Turn_5_(44893).json.gz,1.0,-19.6047303389067,5.628042846194395,17,0
2024-07-14_2p__Fallenstar_Lake_Turn_9_(10372).json.gz,1.0,49.282399999999974,36.743300000000005,49,16
2025-11-29_2p_-_Micro_Isar_Turn_5_(17938).json.gz,1.0,-5.36776029134681,-24.878192187829644,17,1
2024-10-15_2p__Silverhead_Crossing_Turn_6_(2500).json.gz,-1.0,-25.098699999999997,12.882800000000005,13,0
2025-01-31_2p__Hamlets_Turn_15_(18668).json.gz,-1.0,0.7144499999999923,-52.87910000000001,67,1
2026-07-02_2p__Den_of_Onis_Turn_13_(35389).json.gz,1.0,-6.346479999999993,-2.555440000000001,39,9
2024-11-24_2p__Sullas_Ruins_Turn_10_(18675).json.gz,1.0,-26.615299260540215,-12.311046016166792,50,2
2025-05-12_2p__Caves_of_the_Basilisk_Turn_14_(101754).json.gz,-1.0,-14.032969999999995,9.626215999999996,62,26
2024-07-27_2p__Fallenstar_Lake_Turn_29_(19177).json.gz,1.0,-80.74038381074419,-7.105305958680734,137,41
2024-07-06_2p__Den_of_Onis_Turn_12_(5270).json.gz,1.0,-8.200323999999998,25.605051200000016,43,2
2024-04-10_2p__The_Walls_of_Pyrennis_Turn_20_(3884).json.gz,1.0,7.5433000000000145,-9.400200000000005,54,13
2025-03-22_2p__Aethermaw_Turn_19_(61514).json.gz,-1.0,-71.812716,-35.32775599999997,88,11
2024-12-23_2p__The_Walls_of_Pyrennis_Turn_7_(7501).json.gz,-1.0,-22.110439999999993,-6.997687999999993,18,1
2025-10-24_2p__Elensefar_Courtyard_Turn_10_(229192).json.gz,1.0,-27.589927999999986,-7.982593600000001,25,3
2024-07-06_2p__Hamlets_Turn_15_(5417).json.gz,1.0,28.217980000000004,35.79937999999999,57,11
2024-09-16_2p__Hamlets_Turn_22_(30131).json.gz,1.0,-95.57304999999997,23.590600000000016,118,44
2024-10-13_2p__Caves_of_the_Basilisk_Turn_9_(765).json.gz,1.0,52.74790000000001,49.736200000000004,34,1
2024-04-16_2p__Caves_of_the_Basilisk_Turn_19_(7888).json.gz,-1.0,77.61599013237598,73.6450457546175,96,24
2024-12-13_2p__Caves_of_the_Basilisk_Turn_10_(515).json.gz,1.0,13.809800000000012,67.216896,42,5
2024-05-09_2p__Hellhole_Turn_9_(22798).json.gz,1.0,-64.58525504,-101.16142288,45,1
2025-05-24_2p__Fallenstar_Lake_Turn_11_(110780).json.gz,-1.0,-35.865887999999984,-67.36016799999999,55,1
2026-02-05_2p__Cynsaun_Battlefield_Turn_10_(77887).json.gz,-1.0,-87.79091360000004,-59.36865439999999,38,0
2025-10-26_2p__Ruphus_Isle_Turn_13_(230228).json.gz,1.0,11.234400000000004,24.34120000000001,42,30
2024-04-07_2p_mini_edited_Turn_10_(2526).json.gz,-1.0,-15.189200000000003,-12.663800000000005,29,5
2025-12-15_2p__The_Walls_of_Pyrennis_Turn_9_(30761).json.gz,-1.0,6.015999999999998,-11.726799999999997,20,0
2024-08-31_2p__Weldyn_Channel_Turn_16_(17462).json.gz,1.0,29.936128654000075,72.9784350536691,30,7
2024-03-28_2p__Caves_of_the_Basilisk_Turn_14_(1277).json.gz,-1.0,46.57972599999998,13.847470399999999,78,10
2024-07-21_2p_mini_edited_Turn_10_(14750).json.gz,1.0,3.7282999999999955,-25.353800000000007,27,2
2024-08-18_2p__Sablestone_Delta_Turn_7_(8212).json.gz,1.0,14.171199999999999,-25.632,20,3
2024-07-16_2p__Sullas_Ruins_Turn_20_(11657).json.gz,1.0,30.095806549414934,37.42734513232752,79,12
2026-03-16_2p__Den_of_Onis_Turn_9_(4652).json.gz,-1.0,-2.236000000000002,29.876250000000006,33,3
2026-07-03_2p__Silverhead_Crossing_Turn_15_(35818).json.gz,1.0,30.034100953597928,-27.451019737492455,49,5
2024-07-06_2p_-_Micro_Isar_Turn_9_(5153).json.gz,1.0,-9.465599999999997,17.220799999999997,25,1
2024-07-23_2p__Ruined_Passage_Turn_18_(16173).json.gz,-1.0,-22.393069999999987,-36.96943999999999,40,50
2026-08-03_2p__The_Freelands_Turn_19_(57522).json.gz,-1.0,17.530887999999997,11.476928000000004,102,11
2026-01-20_2p__Hornshark_Island_Turn_10_(62879).json.gz,1.0,36.107932000000005,37.434072,53,4
2024-04-15_2p_mini_edited_Turn_8_(7322).json.gz,1.0,-58.77360000000001,41.872,23,1
2024-05-10_2p_mini_edited_Turn_6_(23427).json.gz,1.0,9.33079100000001,11.365343999999997,15,0
2025-12-27_2p__Sullas_Ruins_Turn_13_(40805).json.gz,-1.0,-6.9083524999999995,20.656252499999994,52,6
2024-06-14_2p_mini_edited_Turn_5_(46537).json.gz,1.0,27.631000000000007,15.510000000000005,12,3
2024-05-05_2p_mini_edited_Turn_8_(20450).json.gz,1.0,-39.06717135739937,11.003845528277676,21,3
2024-12-07_2p__Aethermaw_Turn_20_(2912).json.gz,-1.0,-74.69852399999999,-143.95967600000003,81,3
2024-09-11_2p__Sablestone_Delta_Turn_12_(25546).json.gz,1.0,43.037711999999985,-3.986736000000011,53,4
2025-01-13_2p_-_Micro_Isar_Turn_5_(2836).json.gz,1.0,4.799949999999992,6.392799999999989,14,2
2024-04-27_2p__Tombs_of_Kesorak_Turn_15_(14124).json.gz,1.0,-69.04079999999999,-21.567000000000004,48,4
2024-06-08_2p_-_Micro_Isar_Turn_10_(42344).json.gz,1.0,-45.487899999999996,-14.467899999999997,27,3
2026-07-23_2p__Elensefar_Courtyard_Turn_9_(50123).json.gz,1.0,31.359300000000005,8.1802,41,0
2025-03-04_2p_-_Micro_Isar_Turn_8_(47112).json.gz,-1.0,-40.669999999999995,-39.7,17,1
2024-05-17_2p_mini_edited_Turn_7_(28420).json.gz,-1.0,-32.63758200000001,-0.25063999999999,19,5
2024-11-24_2p__Weldyn_Channel_Turn_7_(18617).json.gz,-1.0,-6.696400000000004,-12.649600000000001,15,0
2025-11-15_2p__Hamlets_Turn_9_(5686).json.gz,-1.0,-5.890099999999994,-5.2390000000000025,18,0
2024-12-24_2p_-_Micro_Isar_Turn_5_(8480).json.gz,1.0,-29.76190000000001,-0.260543999999995,15,1
2024-09-28_2p__Aethermaw_Turn_18_(39110).json.gz,1.0,48.96397999999999,-39.523579999999995,62,14
2026-01-08_2p__Sablestone_Delta_Turn_16_(52226).json.gz,1.0,42.26793785355375,1.5180483743268978,67,14
2024-07-13_2p_-_Micro_Isar_Turn_5_(9686).json.gz,1.0,-16.612399999999994,-14.303,15,0
2026-01-21_2p__Hamlets_Turn_19_(63642).json.gz,-1.0,48.543490797142866,3.4050373833934557,73,19
2026-07-24_2p__The_Freelands_Turn_10_(50460).json.gz,1.0,24.649230400000036,28.3644576,42,5
2026-07-23_2p__Swamp_of_Dread_Turn_17_(50069).json.gz,1.0,29.84538400000002,110.27515600000002,99,22
2024-12-06_2p__Caves_of_the_Basilisk_Turn_8_(2131).json.gz,1.0,-2.3311000000000064,-12.5331,30,2
2025-03-21_2p__Caves_of_the_Basilisk_Turn_14_(60832).json.gz,-1.0,-17.282899999999998,-44.23,83,5
2026-07-15_2p__Weldyn_Channel_Turn_25_(44478).json.gz,1.0,-51.74333147822223,34.11458536689863,103,42
2024-09-23_2p__Arcanclave_Citadel_Turn_6_(35552).json.gz,1.0,46.15151000000001,46.81961999999999,24,0
2025-01-13_2p__Arcanclave_Citadel_Turn_15_(2724).json.gz,-1.0,-86.78818687671462,-52.564619197070556,87,14
2024-05-18_2p_-_Micro_Isar_Turn_8_(29134).json.gz,-1.0,-67.26195000000001,-24.904749999999993,21,7
2024-10-15_2p__Sablestone_Delta_Turn_18_(2156).json.gz,1.0,-48.938612712899605,-46.538136802867626,80,4
2025-02-13_2p_-_Micro_Isar_Turn_7_(31153).json.gz,1.0,-23.275479999999995,0.2672799999999995,20,3
2024-06-28_2p_mini_edited_Turn_6_(242).json.gz,1.0,-13.105699999999986,-5.741999999999997,18,0
2025-10-18_2p__Hornshark_Island_Turn_10_(224892).json.gz,1.0,14.408111300662211,6.105749071739195,40,4
2024-06-28_2p__Caves_of_the_Basilisk_Turn_12_(55776).json.gz,-1.0,37.13715999999998,23.489183999999998,63,6
2025-08-18_2p__Hamlets_Turn_13_(177893).json.gz,1.0,67.06687499999998,25.514750000000003,36,10
2025-12-24_2p__Weldyn_Channel_Turn_13_(38743).json.gz,-1.0,37.680032,21.90439120000001,57,4
2024-07-25_2p_mini_edited_Turn_8_(17982).json.gz,1.0,-20.925251979515593,-20.56757268713089,19,3
2025-06-15_2p__Hellhole_Turn_13_(128573).json.gz,1.0,89.82078999999999,29.795,41,5
2024-07-17_2p__Thousand_Stings_Garrison_Turn_11_(12337).json.gz,-1.0,-27.20829999999999,-12.590100000000003,49,5
2024-12-15_2p_-_Micro_Isar_Turn_11_(1282).json.gz,1.0,-28.213,3.639999999999997,20,0
2024-06-26_2p__Cynsaun_Battlefield_Turn_19_(54665).json.gz,1.0,15.463124999999998,31.053429999999995,127,8
2024-05-09_2p_mini_edited_Turn_7_(23146).json.gz,-1.0,15.337200000000008,-9.982999999999997,28,2
2025-03-22_2p__Aethermaw_Turn_15_(61548).json.gz,-1.0,-93.56357264,-22.300453600000004,43,5
2026-04-20_2p__Caves_of_the_Basilisk_Turn_29_(29974).json.gz,-1.0,-5.876055999999943,-64.7195064,172,33
2024-07-13_2p_-_Micro_Isar_Turn_8_(9406).json.gz,1.0,51.330799999999996,4.0828000000000015,35,8
2026-03-01_2p__Elensefar_Courtyard_Turn_13_(99903).json.gz,-1.0,-75.9407,-19.830200000000005,71,4
2024-10-26_2p_-_Micro_Isar_Turn_7_(10405).json.gz,1.0,-22.823399999999992,7.668000000000005,13,5
2025-09-01_2p__Sullas_Ruins_Turn_18_(189915).json.gz,1.0,-8.157599999999999,16.348399999999998,65,3
2026-05-04_2p__Den_of_Onis_Turn_10_(106).json.gz,1.0,-6.627129415672167,9.877709464382672,27,3
2024-08-01_2p_mini_edited_Turn_7_(400).json.gz,1.0,13.211500000000001,-12.059999999999999,20,1
2024-10-30_2p__Ruphus_Isle_Turn_15_(14085).json.gz,-1.0,-51.84410000000001,-5.130300000000002,60,10
2025-11-24_2p__Clearing_Gushes_Turn_9_(13022).json.gz,1.0,-27.019144043074615,13.456794924115654,18,0
2024-05-29_2p_mini_edited_Turn_5_(35849).json.gz,-1.0,15.496999999999998,-28.088,16,3
2025-01-02_2p_-_Micro_Isar_Turn_9_(16253).json.gz,1.0,16.783360000000002,24.745919999999998,23,8
2025-01-07_2p__Howling_Ghost_Badlands_Turn_10_(21399).json.gz,1.0,23.198292500000015,15.928644999999996,44,8
2024-04-24_2p_mini_edited_Turn_9_(12352).json.gz,-1.0,41.47214780534448,9.46787765239553,18,8
2024-05-11_2p_-_Micro_Isar_Turn_6_(24432).json.gz,1.0,31.716799999999996,-5.197799999999997,15,1
2024-06-19_2p_mini_edited_Turn_7_(50003).json.gz,1.0,27.87149999999999,4.485999999999998,19,0
2024-11-05_2p__Weldyn_Channel_Turn_19_(3800).json.gz,-1.0,7.569132000000006,-54.125008,65,18
2024-06-13_2p_mini_edited_Turn_11_(46057).json.gz,-1.0,-24.925244,39.065535999999994,30,5
2025-09-13_2p__Hamlets_Turn_16_(199595).json.gz,-1.0,-32.912465085597866,-3.053104103897213,64,5
2025-04-16_2p__Sablestone_Delta_Turn_15_(81492).json.gz,-1.0,-36.75673050832396,2.7027419343964816,47,7
2025-10-27_2p__Silverhead_Crossing_Turn_12_(230890).json.gz,1.0,4.236550000000018,-6.2026999999999894,39,3
2024-09-17_2p__Weldyn_Channel_Turn_24_(30611).json.gz,-1.0,-56.03088000000002,-29.620610000000003,109,8
2025-05-30_2p__Weldyn_Channel_Turn_26_(115364).json.gz,-1.0,1.6335213284532148,-25.59463091036352,108,31
2025-03-08_2p__Ruphus_Isle_Turn_16_(50429).json.gz,-1.0,-47.627373381604706,17.273023309861756,79,11
2024-06-02_2p_mini_edited_Turn_6_(38551).json.gz,1.0,-12.167979999999988,15.013200000000001,23,0
2025-06-15_2p__Caves_of_the_Basilisk_Turn_32_(128881).json.gz,-1.0,146.15175200000004,-29.116720479999966,147,31
2024-04-08_2p__Howling_Ghost_Badlands_Turn_24_(2797).json.gz,1.0,-46.378255165073874,-49.2684918727496,108,17
2025-04-13_2p__Den_of_Onis_Turn_29_(79204).json.gz,1.0,22.325400000000016,0.3924000000000021,71,7
2026-02-07_2p_-_Micro_Isar_Turn_11_(80758).json.gz,1.0,42.892,60.3952,23,8
2025-12-17_2p__Hamlets_Turn_39_(32506).json.gz,-1.0,169.93912259999996,-63.180317999999986,158,34
2024-04-07_2p__Cynsaun_Battlefield_Turn_17_(2022).json.gz,1.0,36.911187,35.791093599999996,120,6
2025-07-23_2p__Hamlets_Turn_13_(157369).json.gz,1.0,-11.6024152,16.806057600000003,49,10
2025-03-31_2p_-_Micro_Isar_Turn_7_(69505).json.gz,1.0,56.44512357257456,11.648969154870771,21,2
2025-02-03_2p__Hamlets_Turn_21_(21650).json.gz,1.0,114.819172,33.919195000000016,106,26
2024-09-01_2p_-_Micro_Isar_Turn_5_(18197).json.gz,-1.0,2.371454479999997,-54.69301059199999,15,1
2025-11-07_2p__The_Freelands_Turn_17_(237795).json.gz,1.0,-38.39120000000001,-6.0876,99,13
2024-05-17_2p_mini_edited_Turn_7_(28045).json.gz,1.0,-22.070199999999996,-6.072000000000001,17,0
2025-01-04_2p__Hornshark_Island_Turn_12_(18099).json.gz,1.0,36.152606220000024,3.751672849999996,66,6
2024-08-30_2p__Hamlets_Turn_17_(16764).json.gz,-1.0,-28.03081092166201,-38.50866663488918,47,0
2025-01-05_2p__Weldyn_Channel_Turn_8_(19383).json.gz,-1.0,-4.0454399999999975,-16.003519999999998,12,0
2024-07-05_2p__Ruphus_Isle_Turn_20_(4721).json.gz,1.0,103.41124446921751,85.4135987850602,83,27
2025-10-29_2p__Weldyn_Channel_Turn_19_(232340).json.gz,1.0,44.133386400000006,1.0125280000000245,97,15
2024-12-22_2p__Sablestone_Delta_Turn_10_(6910).json.gz,1.0,-18.290484000000014,0.4507159999999937,50,5
2025-09-17_2p__Den_of_Onis_Turn_11_(202532).json.gz,1.0,11.836359889611469,15.531489545701186,28,1
2024-07-21_2p__Hamlets_Turn_19_(14866).json.gz,1.0,0.016815999999977294,-41.410512,92,16
2026-06-14_2p__Aethermaw_Turn_13_(23152).json.gz,-1.0,1.817499999999999,-3.4189999999999987,36,1
2025-03-23_2p__The_Walls_of_Pyrennis_Turn_17_(62924).json.gz,1.0,49.810400000000016,9.467400000000017,105,6
2024-06-01_2p_mini_edited_Turn_13_(37906).json.gz,-1.0,-48.9170792,-50.702646400000006,33,4
2025-01-15_2p__Ruphus_Isle_Turn_16_(4289).json.gz,1.0,-12.396473236045164,-10.888991271143686,76,23
2024-05-06_2p_mini_edited_Turn_10_(21263).json.gz,1.0,10.881000000000002,-3.5559999999999974,23,4
2024-04-06_2p_-_Micro_Isar_Turn_9_(1711).json.gz,1.0,5.32848319999999,32.62216720000001,24,1
2024-06-01_2p_-_Micro_Isar_Turn_9_(37573).json.gz,-1.0,-38.065450000000006,-31.322650000000007,18,6
2024-12-25_2p__The_Freelands_Turn_8_(9422).json.gz,1.0,1.7539999999999925,6.600999999999999,26,7
2024-05-29_2p__Hamlets_Turn_10_(35362).json.gz,1.0,24.436911000000016,37.07284800000001,29,4
2025-01-04_2p_-_Micro_Isar_Turn_6_(17381).json.gz,-1.0,0.17380400000001006,-44.69096400000001,18,2
2024-07-04_2p_mini_edited_Turn_6_(3945).json.gz,-1.0,4.2535160000000065,-8.023439999999997,16,0
2024-04-28_2p_-_Micro_Isar_Turn_5_(15366).json.gz,1.0,-62.182800000000015,1.8038000000000025,18,1
2024-11-21_2p__Weldyn_Channel_Turn_10_(16135).json.gz,-1.0,-2.529852368952703,-10.935345511693047,24,4
2026-01-25_2p_-_Micro_Isar_Turn_12_(68648).json.gz,1.0,-15.684699999999992,40.666,24,3
2024-04-01_2p_mini_edited_Turn_9_(2311).json.gz,1.0,19.169000000000015,46.819900000000004,25,4
2025-04-17_2p__Elensefar_Courtyard_Turn_19_(81935).json.gz,-1.0,27.916680000000017,40.68787999999999,110,19
2025-10-21_2p__Caves_of_the_Basilisk_Turn_16_(227073).json.gz,-1.0,-78.282,-31.817999999999998,56,12
2024-06-16_2p__Sablestone_Delta_Turn_18_(48472).json.gz,-1.0,55.565200005309165,7.474418194140924,59,9
2024-12-27_2p__Hamlets_Turn_13_(10953).json.gz,1.0,18.1430872,18.66241279999999,49,12
2024-05-01_2p_mini_edited_Turn_8_(17525).json.gz,-1.0,18.760600000000007,29.365399999999998,24,4
2024-08-30_2p__Aethermaw_Turn_8_(16665).json.gz,1.0,36.0230528,6.047860799999993,21,1
2024-10-28_2p__The_Freelands_Turn_14_(12429).json.gz,1.0,54.906738999999995,-32.1087952,69,12
2024-05-12_2p__Caves_of_the_Basilisk_Turn_19_(25181).json.gz,-1.0,70.46863999999998,-38.9601,84,10
2025-01-01_2p__Aethermaw_Turn_12_(15071).json.gz,1.0,7.128050000000007,-56.730816000000004,37,4
2024-06-28_2p__Ruphus_Isle_Turn_21_(90).json.gz,1.0,-10.593072346263702,-0.9319767664330403,89,32
2025-01-28_2p__Hornshark_Island_Turn_8_(16256).json.gz,1.0,-40.70459559999998,-96.22385919999999,57,5
2026-01-03_2p_-_Micro_Isar_Turn_6_(47857).json.gz,1.0,-16.669199999999996,-2.8204800000000017,17,0
2026-06-28_2p__Sablestone_Delta_Turn_26_(32800).json.gz,1.0,63.420504000000044,-11.186755999999976,144,34
2024-08-25_2p__Howling_Ghost_Badlands_Turn_9_(13031).json.gz,1.0,-3.5676647999999958,-0.7196263999999957,35,3
2024-09-27_2p__Den_of_Onis_Turn_14_(38005).json.gz,-1.0,-66.419175,-29.5698,73,12
2025-02-26_2p__Fallenstar_Lake_Turn_19_(42040).json.gz,1.0,104.60369359999999,53.769337600000014,109,33
2025-02-16_2p_-_Micro_Isar_Turn_8_(33271).json.gz,1.0,-28.851719999999986,18.607,22,1
2024-10-02_2p__Silverhead_Crossing_Turn_10_(42086).json.gz,1.0,65.8784,-6.3541,50,0
2024-09-22_2p_-_Micro_Isar_Turn_8_(34503).json.gz,1.0,35.6623,28.514999999999993,33,0
2024-07-14_2p_mini_edited_Turn_6_(10257).json.gz,-1.0,-57.94340000000001,-32.635299999999994,18,5
2025-09-14_2p__Weldyn_Channel_Turn_12_(200448).json.gz,-1.0,-8.97728799999999,-6.438708000000002,38,7
2025-05-04_2p__Weldyn_Channel_Turn_9_(96027).json.gz,-1.0,8.364072723517971,-10.016674789116928,45,15
2026-03-21_2p__Hornshark_Island_Turn_16_(8235).json.gz,-1.0,57.407140799999986,41.4332424,85,13
2024-12-03_2p__Caves_of_the_Basilisk_Turn_21_(343).json.gz,1.0,-79.15836399999999,-112.92513199999998,91,27
2026-01-07_2p__Fallenstar_Lake_Turn_13_(51021).json.gz,1.0,128.39396339967817,18.592484087078198,110,17
2024-06-14_2p_mini_edited_Turn_7_(46414).json.gz,1.0,60.36543999999999,-0.9425600000000021,20,1
2025-01-06_2p__Aethermaw_Turn_18_(20124).json.gz,1.0,-29.619560000000003,-24.157400000000013,70,3
2024-04-07_2p__Fallenstar_Lake_Turn_7_(2457).json.gz,-1.0,-21.934900000000003,-5.238399999999999,10,1
2024-12-11_2p__Caves_of_the_Basilisk_Turn_30_(5791).json.gz,1.0,180.05372000000006,110.01542000000002,170,38
2024-04-23_2p__Howling_Ghost_Badlands_Turn_10_(11935).json.gz,1.0,73.10082000000001,-23.177736000000007,44,4
2024-04-05_2p__Aethermaw_Turn_12_(1305).json.gz,1.0,-50.061464,36.005495999999994,43,1
2024-04-07_2p__Silverhead_Crossing_Turn_7_(2541).json.gz,-1.0,25.28278080000001,2.8204839999999987,25,4
2026-07-16_2p__Hamlets_Turn_19_(44744).json.gz,1.0,23.418409999999984,51.96647199999999,60,19
2024-09-08_2p__Hamlets_Turn_23_(22803).json.gz,-1.0,-11.825200000000011,-0.23060000000000258,56,0
2024-05-04_2p_mini_edited_Turn_14_(19513).json.gz,-1.0,-58.179,-32.86299999999999,36,7
2024-07-05_2p__Weldyn_Channel_Turn_7_(4470).json.gz,1.0,48.42446656,13.967801600000005,20,1
2024-04-04_2p__Den_of_Onis_Turn_15_(789).json.gz,-1.0,53.35364,4.961456,47,1
2024-05-16_2p_mini_edited_Turn_5_(27640).json.gz,-1.0,-15.862580479999997,-10.376247039999999,17,1
2025-02-19_2p__The_Freelands_Turn_14_(36011).json.gz,-1.0,84.947454,-36.10350399999999,57,3
2024-10-19_2p__Hamlets_Turn_19_(5309).json.gz,-1.0,12.08475050955983,-62.51302775219821,73,5
2024-11-08_2p__Aethermaw_Turn_13_(5937).json.gz,1.0,9.005132000000014,16.545296000000008,45,2
2025-04-25_2p__Sablestone_Delta_Turn_15_(88699).json.gz,1.0,4.286274999999975,-72.63000000000001,85,5
2025-11-25_2p__Weldyn_Channel_Turn_14_(13267).json.gz,-1.0,13.682484000000018,-41.911712000000016,64,6
2026-06-14_2p__Sullas_Ruins_Turn_15_(23348).json.gz,1.0,52.31547999999999,43.41647999999999,60,4
2025-08-20_2p__Caves_of_the_Basilisk_Turn_14_(179647).json.gz,-1.0,-43.23371999999998,12.946311999999995,64,6
2026-07-20_2p__Cynsaun_Battlefield_Turn_20_(48603).json.gz,1.0,-41.65429,-22.774411200000014,134,19
2025-01-31_2p__Hellhole_Turn_19_(18521).json.gz,1.0,-121.885677,-16.272092000000015,88,6
2024-04-28_2p_mini_edited_Turn_6_(15440).json.gz,1.0,-2.7101799999999976,-21.960732000000004,13,2
2026-02-09_2p__Elensefar_Courtyard_Turn_12_(82758).json.gz,-1.0,-40.31329999999999,24.051699999999997,42,1
2024-09-03_2p__Hellhole_Turn_10_(19610).json.gz,1.0,7.181600000000001,42.2232,19,4
2024-05-29_2p_mini_edited_Turn_8_(35605).json.gz,1.0,37.934999999999995,9.419599999999999,24,3
2025-07-13_2p__Ruphus_Isle_Turn_20_(149779).json.gz,1.0,-37.080866592189146,45.93942103112404,86,11
2026-07-18_2p__Fallenstar_Lake_Turn_13_(46746).json.gz,-1.0,-0.7768980000000134,23.481299999999987,55,4
2024-11-28_2p__Hellhole_Turn_35_(22076).json.gz,1.0,52.277522800000035,32.007871199999975,125,14
2024-07-28_2p_mini_edited_Turn_11_(19557).json.gz,-1.0,29.884155680000013,-13.056935039999999,26,6
2025-01-04_2p__Ruphus_Isle_Turn_11_(17479).json.gz,-1.0,-50.34047999999999,-32.09617472,45,3
2026-01-03_2p__Caves_of_the_Basilisk_Turn_22_(47109).json.gz,1.0,41.4454576,101.07665439999998,110,14
2024-03-27_2p__The_Freelands_Turn_13_(984).json.gz,1.0,-60.05558000000001,-24.56172,55,2
2024-04-21_2p_-_Micro_Isar_Turn_11_(10722).json.gz,1.0,-48.78275999999999,-13.464479999999988,19,5
2025-02-23_2p_-_Micro_Isar_Turn_8_(39804).json.gz,1.0,46.85359999999999,4.651199999999999,13,8
2024-10-23_2p__Caves_of_the_Basilisk_Turn_13_(7937).json.gz,1.0,1.5958200000000131,-44.49227999999999,51,4
2025-05-30_2p__Weldyn_Channel_Turn_14_(115824).json.gz,1.0,-72.30189999999997,-61.761999999999986,50,5
2024-12-29_2p__The_Walls_of_Pyrennis_Turn_10_(12102).json.gz,-1.0,-74.44067200000003,-29.342112,43,3
2025-03-27_2p__Fallenstar_Lake_Turn_12_(65563).json.gz,1.0,37.43504,25.04164,54,7
2025-03-16_2p__Sablestone_Delta_Turn_16_(56782).json.gz,1.0,-41.577055,6.656565000000006,63,13
2024-12-01_2p__Caves_of_the_Basilisk_Turn_16_(24074).json.gz,1.0,-4.220799999999997,1.158799999999995,73,12
2024-12-17_2p__Ruphus_Isle_Turn_8_(2673).json.gz,-1.0,-18.0845,-25.092999999999996,28,4
2025-11-22_2p__Cynsaun_Battlefield_Turn_21_(10595).json.gz,1.0,-29.394625773795067,34.41097471079536,112,18
2024-08-02_2p__Weldyn_Channel_Turn_30_(917).json.gz,1.0,-93.12599180000001,-55.04975667999997,102,43
2024-05-05_2p__Caves_of_the_Basilisk_Turn_14_(20116).json.gz,-1.0,12.454856000000005,-15.598960000000005,27,1
2024-06-02_2p_-_Micro_Isar_Turn_14_(38820).json.gz,-1.0,-29.174750000000007,-12.295900000000001,34,8
2024-12-31_2p__Sablestone_Delta_Turn_11_(14152).json.gz,1.0,33.69216707663199,35.837148613928136,55,2
2024-06-01_2p_mini_edited_Turn_5_(37490).json.gz,1.0,22.826299999999993,19.945999999999998,14,0
2024-07-18_2p__The_Freelands_Turn_14_(13074).json.gz,-1.0,17.834716000000007,30.8569752,83,72
2025-09-04_2p__Hamlets_Turn_8_(192343).json.gz,-1.0,21.901780000000002,30.65068,26,0
2024-04-26_2p_mini_edited_Turn_7_(13611).json.gz,1.0,1.5473202281664962,34.888586488983165,17,3
2025-08-22_2p__Hornshark_Island_Turn_17_(181540).json.gz,-1.0,46.049089999999985,-34.53839999999999,104,12
2024-04-12_2p__Caves_of_the_Basilisk_Turn_15_(5359).json.gz,1.0,97.32734128000001,23.98889808000001,44,6
2024-09-26_2p__Caves_of_the_Basilisk_Turn_15_(37337).json.gz,-1.0,9.421719999999997,-7.715640000000004,42,1
2024-12-07_2p_-_Micro_Isar_Turn_6_(2991).json.gz,1.0,-27.512872732429656,3.3634520708883224,14,4
2026-07-12_2p__Hamlets_Turn_15_(41967).json.gz,1.0,65.54065123934095,32.46431669617495,47,4
2024-03-29_2p__Thousand_Stings_Garrison_Turn_14_(508).json.gz,1.0,34.84167280000001,-20.71987519999999,50,3
2024-08-31_2p__Silverhead_Crossing_Turn_17_(17604).json.gz,-1.0,-50.18699999999998,-11.038384000000002,49,1
2024-03-24_2p_-_Small_Fallenstar_Turn_21_(1646).json.gz,-1.0,12.449539999999999,-11.581139999999998,54,13
2025-04-07_2p__Ruphus_Isle_Turn_31_(74838).json.gz,-1.0,3.714830179715392,-94.11451899652675,139,32
2025-07-16_2p__Aethermaw_Turn_18_(151968).json.gz,1.0,76.27998884332328,123.82165236950904,65,8
2024-05-29_2p__Weldyn_Channel_Turn_23_(35371).json.gz,-1.0,-12.594634162854886,-2.6676926261964464,71,3
2026-03-21_2p__Hamlets_Turn_17_(8282).json.gz,-1.0,52.75665199999999,-40.48563360000001,77,14
2025-01-15_2p__Den_of_Onis_Turn_27_(4420).json.gz,1.0,-9.516643100000056,-21.284074700000026,123,35
2026-07-05_2p__Weldyn_Channel_Turn_10_(37526).json.gz,1.0,70.05955,-2.552299999999999,29,3
2025-01-23_2p_-_Micro_Isar_Turn_6_(11306).json.gz,1.0,17.7927,48.1094,14,0
2024-07-19_2p__Den_of_Onis_Turn_11_(13393).json.gz,1.0,41.33313199999999,79.80798399999999,49,4
2024-04-28_2p__Howling_Ghost_Badlands_Turn_11_(15585).json.gz,1.0,22.753107581944008,33.005533692654225,32,0
2025-11-18_2p__Caves_of_the_Basilisk_Turn_12_(7545).json.gz,1.0,-6.140199999999994,28.97976000000001,41,7
2024-07-14_2p__Hornshark_Island_Turn_8_(10118).json.gz,1.0,35.92880000000001,41.048000000000016,37,0
2026-07-11_2p__Den_of_Onis_Turn_8_(41510).json.gz,1.0,-21.620500000000003,40.8155,23,3
2024-04-05_2p_mini_edited_Turn_16_(1120).json.gz,-1.0,89.32409999999999,-10.342800000000002,54,12
2024-11-08_2p__Weldyn_Channel_Turn_13_(5913).json.gz,-1.0,-1.4618483999999983,29.0271624,55,17
2025-02-08_2p__Weldyn_Channel_Turn_32_(26816).json.gz,-1.0,-91.209724,-32.370836,147,38
2025-02-15_2p__Den_of_Onis_Turn_18_(32561).json.gz,-1.0,39.61887840000002,37.20990959999999,82,8
2024-11-12_2p__Ruined_Passage_Turn_14_(8998).json.gz,-1.0,-27.858998240000002,-69.66509680000001,86,29
2024-07-26_2p_mini_edited_Turn_9_(18324).json.gz,-1.0,13.161999999999999,-8.072,26,8
2024-05-30_2p_mini_edited_Turn_10_(36156).json.gz,-1.0,13.903300000000007,26.16628,34,4
2024-04-18_2p_mini_edited_Turn_5_(8841).json.gz,1.0,38.498999999999995,14.192,20,0
2024-04-27_2p__Clearing_Gushes_Turn_26_(13988).json.gz,1.0,-38.20807799999999,-38.216764000000026,121,32
2024-07-08_2p_mini_edited_Turn_16_(6362).json.gz,1.0,-26.509580800000005,-15.200483200000008,28,9
2026-07-06_2p__Hamlets_Turn_24_(38016).json.gz,1.0,24.916944000000036,-4.345503999999988,56,10
2024-06-02_2p_mini_edited_Turn_16_(38546).json.gz,-1.0,33.96940000000001,37.5124,37,9
2024-05-11_2p_mini_edited_Turn_8_(24756).json.gz,-1.0,-4.485399999999999,-5.515200000000002,20,7
2026-03-17_2p__Caves_of_the_Basilisk_Turn_7_(5337).json.gz,1.0,-35.717569801311214,-2.1971901709883923,27,2
2024-05-02_2p__Aethermaw_Turn_12_(18247).json.gz,1.0,19.71836000000001,-2.9394200000000072,36,0
2024-04-07_2p_mini_edited_Turn_16_(2710).json.gz,-1.0,-29.183019999999974,-39.154863999999996,38,16
2024-12-01_2p__Den_of_Onis_Turn_13_(24088).json.gz,1.0,55.83832624999999,-6.561662500000008,44,14
2026-05-16_2p__Den_of_Onis_Turn_15_(2986).json.gz,1.0,10.4226864,-3.518089599999989,40,3
2024-12-30_2p__Tombs_of_Kesorak_Turn_8_(13075).json.gz,1.0,73.20772799999999,20.461023999999995,32,1
2024-03-27_2p__Clearing_Gushes_Turn_56_(767).json.gz,1.0,-158.45759999999996,-126.68112000000002,152,32
2026-02-01_2p__Den_of_Onis_Turn_11_(75011).json.gz,1.0,-127.26548165302162,-0.49645668874770976,34,2
2024-05-16_2p__Hamlets_Turn_24_(27783).json.gz,1.0,-43.99817320000001,-66.55094559999999,96,41
2025-08-08_2p__Caves_of_the_Basilisk_Turn_21_(169460).json.gz,1.0,30.214024000000045,-1.5249040000000011,98,19
2025-03-22_2p__Clearing_Gushes_Turn_21_(62076).json.gz,1.0,57.10268299999998,-10.865684000000003,94,19
2026-06-12_2p__Weldyn_Channel_Turn_15_(21522).json.gz,-1.0,92.88359999999997,43.88178000000002,76,13
2024-07-21_2p__Hamlets_Turn_36_(14828).json.gz,1.0,33.97772,13.542420000000028,177,24
2025-06-07_2p__Hornshark_Island_Turn_14_(122343).json.gz,1.0,-67.60050079999996,0.916748799999997,94,11
2024-06-13_2p_mini_edited_Turn_14_(45900).json.gz,1.0,0.677099999999994,19.2002,31,6
2025-07-05_2p__Fallenstar_Lake_Turn_59_(143868).json.gz,-1.0,-26.594323999999993,-93.45608319999998,138,984
2026-01-19_2p__Aethermaw_Turn_8_(61906).json.gz,1.0,46.524,2.808000000000005,19,0
