iter,timestamp,n_games,rollout_seconds,n_actions,mean_turns,s1_wins,s2_wins,draws,action_recruit_pct,action_move_pct,action_attack_pct,action_end_turn_pct,action_other_pct,mean_units_end_s1,mean_units_end_s2,closest_approach_s1,closest_approach_s2,train_n_trajectories,train_n_transitions,train_loss,train_policy_loss,train_value_loss,train_entropy,train_mean_return,train_grad_norm
0,2026-05-13T08:47:40,6,25.746883640997112,2710,201.0,0,0,6,2.2517534145441123,94.94278331487634,0.33222591362126247,2.473237356958287,0.0,5.333333333333333,6.666666666666667,18.5,18.333333333333332,12,2709,1.9537962061982617,0.19793319325435732,3.51942632405553,3.8501490838607424,-0.9604024887084961,3.224120855331421
1,2026-05-13T08:48:38,8,29.963258107192814,3434,201.0,0,0,8,1.7181129877693653,87.62376237623762,0.08736167734420501,10.570762958648807,0.0,3.875,5.5,22.875,22.5,16,3434,1.8086463863514328,0.061885575927135505,3.49998254008824,3.2304596198227955,-0.9864659309387207,3.2441346645355225
2,2026-05-13T08:49:37,8,28.692098999395967,3399,201.0,0,0,8,2.1771109149749925,95.3515739923507,0.0,2.471315092674316,0.0,5.0,6.25,23.125,23.25,16,3399,1.804912412627342,0.06769230030204199,3.48172738624271,3.6435807960551756,-0.9901913404464722,3.3212361335754395
3,2026-05-13T08:50:52,8,34.89777696877718,3378,201.0,0,0,8,2.1314387211367674,93.99052693901717,0.5920663114268798,3.285968028419183,0.0,5.25,5.75,22.25,22.375,16,3378,1.8329962159614879,0.09255335461693903,3.4885095207719132,3.8118990414077416,-0.9825007915496826,3.3301897048950195
4,2026-05-13T08:52:12,7,31.703088275156915,3035,201.0,0,0,7,2.372322899505766,89.06095551894563,0.0,8.566721581548599,0.0,6.285714285714286,6.0,27.0,24.857142857142858,14,3035,1.831098333670683,0.08280876883949873,3.503226329223253,3.323599780442237,-0.9916849136352539,3.29917573928833
5,2026-05-13T08:53:15,7,27.495296736247838,3087,201.0,0,0,7,1.7168772270813086,88.95367670877874,0.0,9.329446064139942,0.0,4.857142857142857,4.714285714285714,22.857142857142858,22.571428571428573,14,3087,1.8837183931139416,0.13563614354416131,3.502293598721735,3.064549791087302,-0.9859735369682312,3.3752498626708984
6,2026-05-13T08:54:07,6,27.822320367209613,2788,201.0,0,0,6,2.4031563845050217,94.58393113342898,0.7173601147776184,2.2955523672883786,0.0,6.333333333333333,6.833333333333333,16.666666666666668,19.0,12,2788,1.9232019043245236,0.17904326268762816,3.4968287623487413,4.255739537475165,-0.9581778645515442,3.230449914932251
7,2026-05-13T08:55:12,6,26.620467820204794,2587,201.0,0,0,6,2.5512176265945112,94.16312330885195,0.0,3.285659064553537,0.0,6.0,7.0,21.333333333333332,21.5,12,2587,1.647137628921891,-0.08692460179059935,3.476208502193913,4.042020384466014,-0.9860634803771973,3.309368133544922
8,2026-05-13T08:56:25,8,31.613751863129437,3530,201.0,0,0,8,2.3796033994334276,90.53824362606233,0.56657223796034,6.515580736543909,0.0,5.25,7.25,19.375,17.5,16,3530,1.8522774797724333,0.10916605999364037,3.494008669629693,3.892915036053637,-0.9718723893165588,3.2646517753601074
9,2026-05-13T08:57:37,7,27.671162735670805,2990,201.0,0,0,7,2.1070234113712374,85.21739130434783,0.0,12.675585284280936,0.0,4.0,7.0,23.857142857142858,22.428571428571427,14,2990,1.7230499709703382,-0.013677111012157184,3.479930766974576,3.2383015047926165,-0.9907341599464417,3.5319161415100098
10,2026-05-13T08:58:35,7,25.8793635526672,2965,201.0,0,0,7,1.6188870151770658,94.50252951096121,0.0,3.87858347386172,0.0,4.285714285714286,4.571428571428571,27.0,26.571428571428573,14,2965,1.7161249049173366,-0.019376356239490633,3.477525340509601,3.261409097973228,-0.9923034906387329,3.5258302688598633
11,2026-05-13T08:59:20,5,19.925797355361283,2090,201.0,0,0,5,2.3444976076555024,95.02392344497608,0.0,2.6315789473684212,0.0,5.8,6.0,22.6,23.6,10,2090,1.886713057835841,0.15890624969051714,3.4621518625644967,3.2691231369244633,-0.9898974895477295,4.079039096832275
12,2026-05-13T09:00:26,6,25.024625273421407,2666,201.0,0,0,6,2.250562640660165,77.38184546136534,0.900225056264066,19.467366841710426,0.0,4.5,7.5,20.166666666666668,20.333333333333332,12,2666,2.140005942370085,0.38409472160628866,3.5183614015113562,3.2694799918817807,-0.9444983005523682,4.580093860626221
13,2026-05-13T09:01:36,6,30.542231678962708,2739,201.0,0,0,6,2.4461482292807593,85.5056589996349,1.8985031033223805,10.149689667761956,0.0,5.166666666666667,7.833333333333333,18.0,17.666666666666668,12,2739,1.8596005391603976,0.11697775793709297,3.493235631263815,3.9950344086028053,-0.959365963935852,3.411315679550171
14,2026-05-13T09:02:33,6,27.06219101138413,2583,201.0,0,0,6,2.2841656987998453,90.66976384049555,0.0,7.046070460704607,0.0,5.5,6.333333333333333,23.333333333333332,23.0,12,2583,1.7094895450671257,-0.0164280038616198,3.45919181057252,3.678356357514531,-0.9853423833847046,3.481534004211426
15,2026-05-13T09:03:44,8,30.45715424977243,3537,201.0,0,0,8,2.233531241164829,93.21458863443597,0.7350862312694374,3.816793893129771,0.0,5.25,6.625,23.375,22.125,16,3537,1.975308584055133,0.24832779739290345,3.4611277621006593,3.5830943881001076,-0.9787241816520691,3.49800443649292
16,2026-05-13T09:04:47,7,28.714092122390866,3030,201.0,0,0,7,2.541254125412541,90.92409240924093,0.16501650165016502,6.36963696369637,0.0,5.857142857142857,7.142857142857143,20.857142857142858,21.857142857142858,14,3030,1.7530688990151866,0.028782162495190278,3.4561434410279617,3.784983993984497,-0.9819992184638977,3.3116369247436523
17,2026-05-13T09:05:56,8,30.914036078378558,3554,201.0,0,0,8,1.8007878446820484,91.69949352841869,0.0,6.499718626899268,0.0,5.625,4.375,18.625,19.125,16,3554,1.8085666331834336,0.08611999922959512,3.4520092848106287,3.558008451475871,-0.9740357398986816,3.275634288787842
18,2026-05-13T09:06:58,7,26.65359155461192,3115,201.0,0,0,7,1.8940609951845906,85.7784911717496,0.0,12.327447833065811,0.0,5.142857142857143,5.285714285714286,20.428571428571427,20.428571428571427,14,3115,1.7666102550717406,0.05326592569974764,3.4331696125445887,3.2404769003014735,-0.9872298240661621,3.5027215480804443
19,2026-05-13T09:08:02,7,28.554929475300014,3103,201.0,0,0,7,2.4492426683854336,94.81147276828875,0.09668063164679343,2.6426039316790204,0.0,6.142857142857143,6.714285714285714,21.0,21.428571428571427,14,3103,1.925740177572412,0.20529486681334674,3.4488382077543065,3.973793118087997,-0.9790429472923279,3.4319863319396973
20,2026-05-13T09:09:14,8,31.07163985259831,3469,201.0,0,0,8,2.450273854136639,92.5050446814644,0.0,5.044681464398963,0.0,5.5,7.125,18.0,17.5,16,3469,1.7551899203287848,0.045793652336669766,3.4264103895402513,3.808926778010573,-0.9826810359954834,3.3310256004333496
21,2026-05-13T09:10:32,8,37.03015134576708,3604,201.0,0,0,8,2.4417314095449503,89.09544950055493,1.1653718091009988,7.297447280799112,0.0,6.125,6.875,21.5,24.25,16,3604,1.905748041078551,0.1712718172402674,3.477091208624188,4.06938047381027,-0.9449846148490906,3.5289440155029297
22,2026-05-13T09:11:38,7,29.166318465024233,2986,201.0,0,0,7,1.607501674480911,85.86738111185532,1.2056262558606832,11.319490957803081,0.0,3.857142857142857,5.0,14.285714285714286,13.714285714285714,14,2986,1.697444618479578,-0.015274912421773479,3.432240814436227,3.400876316762151,-0.9820249676704407,3.4854445457458496
23,2026-05-13T09:12:42,8,31.08948360849172,3389,201.0,0,0,8,2.035998819710829,93.50840956034229,0.0,4.455591619946887,0.0,4.625,6.0,19.625,19.75,16,3389,1.6304074461096916,-0.06740103277570597,3.4028897028183565,3.636372523780665,-0.9889665246009827,3.3267624378204346
24,2026-05-13T09:14:08,8,35.71019989065826,3615,201.0,0,0,8,2.4343015214384507,89.65421853388658,0.719225449515906,7.19225449515906,0.0,6.75,6.25,20.5,19.625,16,3615,1.8013382228291521,0.0916067295834182,3.427125882997643,3.8314482530877285,-0.9749103784561157,3.552511215209961
25,2026-05-13T09:15:01,7,28.258403088897467,2940,201.0,0,0,7,2.108843537414966,94.45578231292517,0.0,3.435374149659864,0.0,4.571428571428571,6.285714285714286,26.857142857142858,27.285714285714285,14,2940,1.6775908295990198,-0.022812366502634518,3.407761806738563,3.477707267627011,-0.9923600554466248,3.439725399017334
26,2026-05-13T09:16:19,8,35.04206105880439,3442,201.0,0,0,8,2.2370714700755374,85.21208599651365,0.9877977919814062,11.563044741429401,0.0,5.75,5.875,21.875,21.75,16,3442,1.7969789410310313,0.09598507956525282,3.409126087324694,3.569182196568363,-0.9814924001693726,3.2861456871032715
27,2026-05-13T09:17:21,7,26.306525918655097,3064,201.0,0,0,7,2.284595300261097,94.41906005221932,0.0,3.2963446475195823,0.0,5.0,7.0,21.857142857142858,20.0,14,3064,1.726336066062271,0.027212170865823282,3.4056545544881374,3.703382047620835,-0.9835027456283569,3.3116493225097656
28,2026-05-13T09:18:41,8,31.863218810409307,3495,201.0,0,0,8,2.0314735336194563,90.67238912732475,0.0,7.296137339055794,0.0,4.375,6.5,18.5,18.875,16,3495,1.7006411361655074,0.006868250497063855,3.3944601522525772,3.457190457845172,-0.9881513714790344,3.3514628410339355
29,2026-05-13T09:19:49,8,30.218418090604246,3420,201.0,0,0,8,1.9005847953216375,91.57894736842105,0.2631578947368421,6.257309941520468,0.0,4.625,5.375,21.375,20.0,16,3420,1.7662006279142388,0.06623268171870222,3.4071662784554064,3.615193032166644,-0.9591104388237,4.0339460372924805
30,2026-05-13T09:20:49,7,28.449692606925964,3155,201.0,0,0,7,2.1870047543581617,89.73058637083993,1.5213946117274169,6.561014263074485,0.0,6.285714285714286,5.428571428571429,18.0,15.857142857142858,14,3155,2.107799281359752,0.38524103377631036,3.4519306807778776,3.4070928054970864,-0.9394879341125488,3.4313669204711914
31,2026-05-13T09:22:02,8,33.85484039783478,3554,201.0,0,0,8,2.1665728756330895,93.92234102419809,0.9566685424873382,2.9544175576814857,0.0,5.5,6.0,19.625,19.25,16,3554,1.854050556261769,0.14363155582395848,3.4284168742597103,3.7894366920445464,-0.9062244296073914,3.6236042976379395
32,2026-05-13T09:22:54,6,28.737641082145274,2601,201.0,0,0,6,2.499038831218762,88.42752787389466,0.8842752787389465,8.189158016147635,0.0,4.5,8.333333333333334,18.666666666666668,19.5,12,2601,1.8302404202415765,0.12557778036716627,3.416795684490353,3.735202370766274,-0.9692040085792542,3.7974398136138916
33,2026-05-13T09:24:10,8,30.87654414307326,3586,201.0,0,0,8,2.036830357142857,88.03013392857143,1.0323660714285714,8.900669642857142,0.0,2.75,8.125,21.5,22.5,16,3584,2.1345258469614956,0.41115875657260403,3.4535469441325404,3.406381677378704,-0.8306563496589661,3.8149821758270264
34,2026-05-13T09:25:22,8,31.858666704036295,3484,201.0,0,0,8,2.5832376578645238,94.4316877152698,0.4018369690011481,2.5832376578645238,0.0,6.0,7.125,19.5,19.5,16,3484,1.6934431484126689,0.00931007291910646,3.3763402602053247,4.037054609099869,-0.9848860502243042,3.3336145877838135
35,2026-05-13T09:26:25,7,28.09124445077032,3148,201.0,0,0,7,2.096569250317662,91.29606099110546,0.12706480304955528,6.480304955527319,0.0,5.285714285714286,6.142857142857143,16.0,16.285714285714285,14,3148,1.7738117436311969,0.09268981576019542,3.370240064454265,3.99810435613108,-0.9827313423156738,3.3258707523345947
36,2026-05-13T09:27:11,6,24.730321411043406,2666,201.0,0,0,6,2.3255813953488373,94.48612153038259,0.11252813203300825,3.075768942235559,0.0,5.333333333333333,7.0,18.5,18.5,12,2666,1.7452101018441717,0.05752065423166641,3.3830049366224557,3.8130206987225392,-0.9762616753578186,3.5772006511688232
37,2026-05-13T09:28:19,8,27.83061712794006,3412,201.0,0,0,8,1.9343493552168816,91.35404454865181,3.048065650644783,3.663540445486518,0.0,4.0,6.0,24.375,23.625,16,3412,1.8945861563504531,0.20055427977513318,3.394402432721108,3.169339785234115,-0.9174046516418457,4.109160900115967
38,2026-05-13T09:29:35,8,34.63305591698736,3596,201.0,0,0,8,2.1134593993325916,94.21579532814238,0.1668520578420467,3.503893214682981,0.0,5.5,6.0,20.5,21.5,16,3596,1.74596879316376,0.06785074547224212,3.363697107648477,3.7305061327206204,-0.9744554758071899,3.4465692043304443
39,2026-05-13T09:30:45,8,29.79706514440477,3403,201.0,0,0,8,1.6162209814869233,88.71583896561857,0.0,9.667940052894505,0.0,5.0,3.875,24.5,24.875,16,3403,1.733080675703026,0.06103329156826476,3.3502335401717573,3.0693859511175106,-0.9921059608459473,3.4684488773345947
40,2026-05-13T09:32:12,8,32.67772492393851,3572,201.0,0,0,8,2.3516237402015676,93.61702127659575,0.6159014557670772,3.41545352743561,0.0,6.375,6.125,16.5,16.75,16,3572,1.8832531546484934,0.20165240470305434,3.371135246765334,3.9668734372280596,-0.9537867903709412,3.263988971710205
41,2026-05-13T09:33:22,7,27.031491436995566,3065,201.0,0,0,7,2.4469820554649266,94.87765089722676,0.0,2.6753670473083195,0.0,5.428571428571429,7.285714285714286,17.285714285714285,17.428571428571427,14,3065,1.72638176826585,0.06705892163040517,3.326936411904171,4.145359316640679,-0.9873384237289429,3.450441598892212
42,2026-05-13T09:34:16,6,25.486524573527277,2540,201.0,0,0,6,2.1653543307086616,87.75590551181102,0.0,10.078740157480315,0.0,4.333333333333333,6.833333333333333,24.5,24.166666666666668,12,2540,1.7939987902032881,0.14077536706554383,3.313039517728612,3.296335726561665,-0.9912920594215393,5.7744550704956055
43,2026-05-13T09:35:19,8,31.190570170991123,3407,201.0,0,0,8,2.142647490460816,83.85676548282947,0.7044320516583504,13.296154975051365,0.0,4.125,7.0,24.875,21.125,16,3407,1.7224731900868238,0.03199579726879165,3.387119844846893,3.082529605414493,-0.9026154279708862,3.764859437942505
44,2026-05-13T09:36:52,8,35.534140662290156,3683,201.0,0,0,8,1.9319727891156462,91.91836734693878,2.0952380952380953,4.054421768707483,0.0,5.125,5.75,20.5,18.625,16,3675,1.9071343753775176,0.1991170503260946,3.4236987771000713,3.8320634986125697,-0.8683820962905884,4.62480354309082
45,2026-05-13T09:37:39,6,25.692412842065096,2586,201.0,0,0,6,1.6253869969040247,90.67337461300309,1.2770897832817338,6.424148606811145,0.0,4.5,4.333333333333333,23.333333333333332,24.666666666666668,12,2584,1.9525735218180917,0.270033036015775,3.3716362171107903,3.2776227530785036,-0.9720766544342041,3.7796127796173096
46,2026-05-13T09:38:36,6,25.16671859845519,2525,201.0,0,0,6,1.9405940594059405,91.96039603960396,0.0,6.099009900990099,0.0,4.333333333333333,5.833333333333333,28.0,26.833333333333332,12,2525,1.6097029590409593,-0.05071583958761039,3.327457554056309,3.3099783995849066,-0.9903894662857056,3.6151468753814697
47,2026-05-13T09:39:27,6,24.681157521903515,2675,201.0,0,0,6,2.0186915887850465,94.20560747663552,0.0,3.7757009345794392,0.0,5.333333333333333,5.666666666666667,18.0,19.666666666666668,12,2675,1.7185104385851773,0.06795302115551749,3.308354709879495,3.619937510087766,-0.9886385798454285,3.386693239212036
48,2026-05-13T09:40:38,7,31.612116806209087,3127,201.0,0,0,7,2.0147105852254557,94.43556124080588,0.5436520626798849,3.0060761112887753,0.0,4.714285714285714,6.285714285714286,20.142857142857142,20.285714285714285,14,3127,1.7121102876988188,0.054299711028306774,3.323611364932731,3.9951057958533056,-0.9854397773742676,3.3181095123291016
49,2026-05-13T09:42:04,8,38.586525245569646,3736,201.0,0,0,8,2.3822269807280514,90.65845824411134,1.39186295503212,5.56745182012848,0.0,5.25,7.875,16.75,16.0,16,3736,1.6398894822935222,-0.027755208761107042,3.3439048477448523,4.307732817796932,-0.9631735682487488,3.2733261585235596
50,2026-05-13T09:43:15,8,34.473510158248246,3659,201.0,0,0,8,1.8584312653730528,89.96993714129543,0.027329871549603715,8.144301721781908,0.0,4.5,6.0,20.0,19.125,16,3659,1.7777339270071153,0.11162815625812073,3.3398300141561776,3.8092363290943467,-0.9704575538635254,3.4252021312713623
51,2026-05-13T09:44:36,8,32.69423534721136,3432,201.0,0,0,8,2.331002331002331,92.24941724941725,0.0,5.419580419580419,0.0,4.75,7.25,25.0,24.625,16,3432,1.6422670998913673,-0.010194565787969623,3.3121879955288023,3.632332085064263,-0.9886429905891418,3.4645979404449463
52,2026-05-13T09:45:56,7,29.997704763896763,3165,201.0,0,0,7,2.4960505529225907,95.79778830963664,0.1579778830963665,1.5481832543443919,0.0,6.142857142857143,7.142857142857143,16.714285714285715,16.571428571428573,14,3165,1.665165481226601,0.0059132446181706655,3.3271408311557025,4.318178969420842,-0.9772189259529114,3.332686185836792
53,2026-05-13T09:47:13,7,30.304694171063602,3062,201.0,0,0,7,1.534944480731548,77.8249510124102,1.371652514696277,19.268451992161985,0.0,4.142857142857143,4.571428571428571,17.571428571428573,17.428571428571427,14,3062,1.6199574050229604,-0.02931093014012731,3.305289876414463,3.376603044143849,-0.9854381084442139,3.4113526344299316
54,2026-05-13T09:48:27,8,31.951063541695476,3435,201.0,0,0,8,2.183406113537118,92.83842794759825,0.08733624454148471,4.890829694323144,0.0,4.875,6.5,22.625,20.75,16,3435,1.6987611041113304,0.04980262683739056,3.3050666442723013,3.574844862210739,-0.9855920672416687,3.4916017055511475
55,2026-05-13T09:49:31,7,28.188753669150174,3013,201.0,0,0,7,2.190507799535347,91.93494855625622,0.0,5.87454364420843,0.0,4.857142857142857,6.571428571428571,23.0,22.285714285714285,14,3013,1.6707416287931456,0.03021286543128099,3.288736561196856,3.8395172365635517,-0.9906912446022034,3.413336992263794
56,2026-05-13T09:50:35,7,28.56596920825541,3065,201.0,0,0,7,2.2185970636215333,93.5073409461664,0.6851549755301795,3.5889070146818924,0.0,5.142857142857143,6.571428571428571,20.0,20.285714285714285,14,3065,1.5914082162097676,-0.05743194768365356,3.305578559054993,3.949115634075497,-0.9762890338897705,3.6114532947540283
57,2026-05-13T09:51:27,7,27.347161409445107,3033,201.0,0,0,7,2.308707124010554,91.688654353562,0.23087071240105542,5.771767810026385,0.0,5.142857142857143,6.714285714285714,21.0,22.714285714285715,14,3032,1.6361892610879332,-0.017015787308992003,3.3141149800503626,3.8524416282562015,-0.9341010451316833,3.7033963203430176
58,2026-05-13T09:52:30,7,30.49783161096275,3110,201.0,0,0,7,2.2836925056288195,89.06400771952396,1.5439047925377936,7.108394982309425,0.0,6.0,6.0,18.142857142857142,17.0,14,3109,1.7234252313076994,0.08028311839098023,3.293896983144805,3.8063786556831474,-0.9760010242462158,3.815089464187622
59,2026-05-13T09:53:50,8,33.03919125162065,3449,201.0,0,0,8,2.1745433458973618,88.22847202087561,0.0,9.596984633227022,0.0,5.5,5.875,30.375,27.75,16,3449,1.6494746629941102,0.013065445584970803,3.2799949995824136,3.5882823820675185,-0.9927542805671692,3.378838062286377
60,2026-05-13T09:54:37,5,21.616681722924113,2170,201.0,0,0,5,1.3824884792626728,88.66359447004608,0.8755760368663594,9.078341013824884,0.0,4.0,4.0,23.0,22.8,10,2170,1.832926968982957,0.19453525872177124,3.282362677739002,2.78962860831507,-0.9844526648521423,3.643507957458496
61,2026-05-13T09:55:52,8,33.67074464354664,3485,201.0,0,0,8,2.3529411764705883,91.99426111908178,0.17216642754662842,5.480631276901004,0.0,6.125,6.125,21.5,22.25,16,3485,1.7891431763798227,0.1425387174667776,3.301085492304992,3.9382872394508013,-0.9652012586593628,3.594977617263794
62,2026-05-13T09:56:47,7,28.80798832885921,2999,201.0,0,0,7,1.833944648216072,91.33044348116039,0.9669889963321107,5.868622874291431,0.0,5.142857142857143,4.714285714285714,23.714285714285715,24.142857142857142,14,2999,1.7424460638465507,0.11165967642409669,3.2685038744239137,3.465549789502802,-0.9861672520637512,3.3881757259368896
63,2026-05-13T09:57:58,8,31.855698427185416,3447,201.0,0,0,8,2.3788801856686974,94.42993907745866,0.0,3.191180736872643,0.0,5.5,6.75,25.375,26.375,16,3447,1.7091795955863058,0.0796735781859752,3.266561915690545,3.774940444941876,-0.9877179861068726,3.3538029193878174
64,2026-05-13T09:58:58,6,28.444976346567273,2665,201.0,0,0,6,2.2889305816135086,92.15759849906192,0.975609756097561,4.577861163227017,0.0,6.333333333333333,5.833333333333333,24.166666666666668,24.333333333333332,12,2665,1.6401976808474101,-0.0030829305869701784,3.2948258181568235,4.132297644031496,-0.9702049493789673,3.811324119567871
65,2026-05-13T09:59:49,7,26.86996536515653,2933,201.0,0,0,7,2.216160927378111,94.91987725877941,0.0,2.863961813842482,0.0,5.285714285714286,6.0,26.428571428571427,26.285714285714285,14,2933,1.6307479675096583,0.012409310041221033,3.2435868721222505,3.454778592687944,-0.9891926646232605,3.3648359775543213
66,2026-05-13T10:00:18,4,15.66548824030906,1714,201.0,0,0,4,1.9253208868144691,96.14935822637106,0.058343057176196034,1.866977829638273,0.0,4.5,5.75,21.5,19.25,8,1714,1.6763603192054997,0.04957596750682569,3.260403690044768,3.417493323710005,-0.9838910102844238,3.6660614013671875
67,2026-05-13T10:01:27,7,34.76766497455537,3111,201.0,0,0,7,2.1215043394406945,86.5316618450659,3.632272581163613,7.714561234329797,0.0,4.857142857142857,6.571428571428571,18.714285714285715,15.0,14,3111,1.8287676191534539,0.1488413168481202,3.3677056522574276,3.926523823380194,-0.919036328792572,3.3232123851776123
68,2026-05-13T10:02:37,8,30.14058202970773,3463,201.0,0,0,8,2.194628934449899,94.60005775339302,0.17326017903551832,3.032053133121571,0.0,5.875,5.625,19.0,18.625,16,3463,1.6424108545832297,0.017773366228993837,3.256818226305768,3.7716247986481903,-0.9808708429336548,3.342331886291504
69,2026-05-13T10:03:46,7,27.864148410968482,3063,201.0,0,0,7,2.2207707380796866,90.92096668843892,0.6531678641410843,6.2050947093403,0.0,5.0,6.571428571428571,22.142857142857142,22.0,14,3062,1.7128352294369742,0.08887570340993989,3.2551124135497957,3.596680747863502,-0.9852888584136963,3.395653247833252
70,2026-05-13T10:04:53,7,33.16738130245358,3198,201.0,0,0,7,2.0950594121325827,93.43339587242026,1.6260162601626016,2.845528455284553,0.0,4.857142857142857,6.714285714285714,15.142857142857142,14.857142857142858,14,3198,1.753695594887864,0.1204090101437032,3.274753983190749,4.090406851213629,-0.9695084095001221,3.291965961456299
71,2026-05-13T10:05:58,6,26.620329055935144,2576,201.0,0,0,6,2.251552795031056,94.17701863354037,0.0,3.5714285714285716,0.0,6.0,5.666666666666667,20.333333333333332,22.5,12,2576,1.5624433433638443,-0.05353018240066376,3.2396503291092813,3.8516387901327107,-0.9891799092292786,3.666987895965576
72,2026-05-13T10:07:11,8,34.01726921275258,3374,201.0,0,0,8,2.3117960877296975,89.06342620035566,0.0,8.624777711914641,0.0,4.625,7.125,28.75,27.25,16,3374,1.6266198512612136,0.0173153451073631,3.2262208401807584,3.8059139365286683,-0.9928862452507019,3.589003801345825
73,2026-05-13T10:08:28,8,34.68168789893389,3604,201.0,0,0,8,2.3313905079100747,92.81154593394393,1.3877324451845685,3.469331112961421,0.0,5.375,7.125,22.25,21.125,16,3603,1.7797600822220434,0.14713080486262697,3.2728343108319677,3.787878056567479,-0.9405324459075928,3.6278953552246094
74,2026-05-13T10:09:23,6,29.13937127403915,2698,201.0,0,0,6,2.260934025203855,92.66123054114159,1.6679021497405486,3.40993328391401,0.0,5.0,7.166666666666667,16.5,14.333333333333334,12,2698,1.6621033044707965,0.04200497404690395,3.2488476580474526,4.325498599833736,-0.9677392840385437,3.429806709289551
75,2026-05-13T10:10:35,8,32.72991646453738,3444,201.0,0,0,8,2.35191637630662,86.44018583042973,0.29036004645760743,10.917537746806039,0.0,5.25,6.875,22.625,21.5,16,3444,1.743434512532558,0.12981515644150932,3.2350355415255763,3.898414671739374,-0.9757233262062073,3.5121400356292725
76,2026-05-13T10:11:24,5,23.391435441561043,2144,201.0,0,0,5,2.9384328358208953,92.30410447761194,1.212686567164179,3.544776119402985,0.0,6.8,7.8,19.4,19.4,10,2144,1.6947140890059473,0.07480881291508013,3.248111187014729,4.150317416497273,-0.9790892601013184,3.6705169677734375
77,2026-05-13T10:12:37,8,34.317834094166756,3657,201.0,0,0,8,1.8867924528301887,87.72217664752529,0.8476893628657369,9.543341536778781,0.0,5.375,5.25,13.0,16.0,16,3657,1.6768221498547045,0.05475954103303593,3.2518529830267653,3.863882691714025,-0.9636337757110596,3.6737301349639893
78,2026-05-13T10:13:27,6,27.699375317431986,2652,201.0,0,0,6,1.847662141779789,92.23227752639518,0.5656108597285068,5.3544494720965305,0.0,4.666666666666667,5.5,18.5,17.5,12,2652,2.176198243339673,0.5208918112848551,3.3178609722526744,3.6240540715189127,-0.9284538626670837,3.4459664821624756
79,2026-05-13T10:14:27,7,28.847865267656744,3029,201.0,0,0,7,1.7497523935292176,93.26510399471773,0.36315615714757343,4.62198745460548,0.0,4.571428571428571,5.0,20.857142857142858,21.285714285714285,14,3029,1.6793735801024068,0.0836314687974209,3.198455276316963,3.485526853495685,-0.9887672662734985,3.5517516136169434
80,2026-05-13T10:15:50,8,33.12104780599475,3372,201.0,0,0,8,2.3131672597864767,91.84460260972716,0.0,5.842230130486358,0.0,6.0,5.75,26.125,26.25,16,3372,1.5688401019135871,-0.03246348945720001,3.2096232887124643,3.5080529854449196,-0.9920741319656372,3.553633451461792
81,2026-05-13T10:17:11,8,32.57851260341704,3425,201.0,0,0,8,2.102189781021898,95.44525547445255,0.17518248175182483,2.2773722627737225,0.0,5.0,6.0,20.5,22.25,16,3425,1.580353373878551,-0.026426095396345772,3.220506586425472,3.47382393783937,-0.9830430746078491,3.3169045448303223
82,2026-05-13T10:18:15,7,27.76835202332586,3131,201.0,0,0,7,2.2037687639731716,93.51644841903546,0.0,4.279782816991377,0.0,5.714285714285714,6.142857142857143,16.857142857142858,17.571428571428573,14,3131,1.6305166894474241,0.04681528474065999,3.175218389427755,3.9077900071133627,-0.9861881732940674,3.370920419692993
83,2026-05-13T10:19:18,7,29.21565570961684,2963,201.0,0,0,7,2.362470469119136,94.22882213972325,1.4849814377320283,1.9237259534255822,0.0,6.571428571428571,5.285714285714286,21.714285714285715,21.571428571428573,14,2963,1.5216205283601085,-0.07944510487141088,3.2104155730921775,4.142153314569441,-0.9753590226173401,3.781648874282837
84,2026-05-13T10:20:18,7,27.830414085648954,3019,201.0,0,0,7,1.9542894998343823,86.84995031467373,1.1262007287181186,10.069559456773765,0.0,5.714285714285714,4.714285714285714,19.714285714285715,20.428571428571427,14,3019,1.649961655085591,0.052717059987116954,3.201418202370405,3.464506086728761,-0.9848794341087341,3.495898723602295
85,2026-05-13T10:21:29,8,31.458740083500743,3498,201.0,0,0,8,2.058319039451115,88.47913093196112,0.0,9.462550028587765,0.0,4.5,6.5,21.375,20.75,16,3498,1.5880124566434906,-0.0008755036180900788,3.1845677749370225,3.395927206930537,-0.9871708154678345,3.5871458053588867
86,2026-05-13T10:22:28,7,25.443883882835507,2945,201.0,0,0,7,2.275042444821732,95.68760611205433,0.0,2.037351443123939,0.0,4.857142857142857,6.714285714285714,22.142857142857142,21.571428571428573,14,2945,1.6348478446891532,0.05927668915956019,3.1580899440450594,3.4738164929367485,-0.9892764091491699,3.4947428703308105
87,2026-05-13T10:23:45,8,34.4839678267017,3561,201.0,0,0,8,2.302723953945521,93.5411401291772,0.0,4.156135916877282,0.0,5.75,6.5,22.625,22.5,16,3561,1.6652296563279925,0.07952086229306587,3.178871806245297,3.727109087722056,-0.9809568524360657,3.6323251724243164
88,2026-05-13T10:25:10,8,34.69643142540008,3517,201.0,0,0,8,2.587432470855843,92.18083593972135,0.1421666192777936,5.08956497014501,0.0,5.375,8.0,23.875,22.75,16,3517,1.6631658390196589,0.06703086276911563,3.2001785166212358,3.954282060074547,-0.9813050031661987,3.4215340614318848
89,2026-05-13T10:26:31,8,35.50798578560352,3501,201.0,0,0,8,2.570694087403599,88.94601542416453,0.6855184233076264,7.79777206512425,0.0,6.25,7.0,22.0,20.25,16,3501,1.6832148491694952,0.08991715712818404,3.193903299921658,3.6539579195177794,-0.9845134615898132,3.3808984756469727
90,2026-05-13T10:27:49,8,37.99967464804649,3547,201.0,0,0,8,2.0580772483789116,84.15562447138427,1.9171130532844658,11.869185226952354,0.0,5.0,6.125,20.375,19.75,16,3547,1.6159412319481816,0.023343139465396234,3.192628250166308,3.716032600368635,-0.9756343960762024,3.3481481075286865
91,2026-05-13T10:28:56,7,28.21598562132567,2934,201.0,0,0,7,2.147239263803681,95.0920245398773,0.0,2.7607361963190185,0.0,5.142857142857143,5.857142857142857,27.571428571428573,28.428571428571427,14,2934,1.6477067039514026,0.07138170445460901,3.1591697921976447,3.2598966020286753,-0.9923100471496582,3.5420026779174805
92,2026-05-13T10:30:02,8,36.01462173927575,3453,201.0,0,0,8,2.548508543295685,91.60150593686649,1.1294526498696786,4.720532869968143,0.0,6.375,6.625,23.375,23.75,16,3453,1.6101410004716017,0.029504094416552107,3.169339092914015,4.032640401957906,-0.9792435765266418,3.3251943588256836
93,2026-05-13T10:31:18,8,33.991202998906374,3537,201.0,0,0,8,2.3755656108597285,92.90158371040724,1.329185520361991,3.3936651583710407,0.0,5.5,7.0,22.25,20.0,16,3536,1.684465442218645,0.07459603701772721,3.227064807608258,3.6629986032112356,-0.8429924845695496,3.20931339263916
94,2026-05-13T10:32:11,7,27.60640977974981,3074,201.0,0,0,7,1.8542615484710474,93.10344827586206,0.1951854261548471,4.847104749512036,0.0,4.714285714285714,5.428571428571429,18.714285714285715,16.428571428571427,14,3074,1.7056678102453788,0.11449519557686472,3.189968513441272,3.811642052121897,-0.9659370183944702,3.404663562774658
95,2026-05-13T10:33:25,8,34.542065096087754,3404,201.0,0,0,8,2.3501762632197414,90.86368977673325,0.0,6.786133960047003,0.0,5.375,6.625,23.0,23.25,16,3404,1.5170157663560475,-0.05437281164063279,3.1499032738502137,3.5630589284264715,-0.9899920225143433,3.392390012741089
96,2026-05-13T10:34:40,8,30.75885940901935,3517,201.0,0,0,8,2.2462325845891384,89.50810349729883,0.11373329542223486,8.131930622689792,0.0,5.625,6.25,23.375,24.25,16,3517,1.6372682095332658,0.06365230733422322,3.154151283612009,3.4597396069621027,-0.9737189412117004,3.532250165939331
97,2026-05-13T10:35:56,8,36.07279278896749,3451,201.0,0,0,8,2.2325311684546247,94.60713250217454,1.4786894752102058,1.6816468541606262,0.0,5.125,6.25,21.75,22.875,16,3449,1.6423111100935384,0.06498530889575704,3.1625313098775223,3.9398537409797427,-0.97419273853302,3.3344335556030273
98,2026-05-13T10:37:07,8,32.42391149606556,3512,201.0,0,0,8,2.420273348519362,89.66400911161732,0.14236902050113895,7.7733485193621865,0.0,5.5,7.125,18.125,19.0,16,3512,1.6097873828968623,0.04020047993344633,3.146726416249294,3.7763051612309937,-0.982087254524231,3.5245230197906494
99,2026-05-13T10:38:14,6,32.49215602502227,2661,201.0,0,0,6,2.254791431792559,90.45471627207817,1.9165727170236753,5.3739195791056,0.0,5.5,6.5,18.833333333333332,17.666666666666668,12,2661,1.6712082309460674,0.09886274460177447,3.1528765552211553,4.092791266284621,-0.9748590588569641,3.5807743072509766
100,2026-05-13T10:39:17,7,27.823739774525166,2996,201.0,0,0,7,2.336448598130841,90.28704939919893,0.0,7.376502002670227,0.0,4.857142857142857,7.142857142857143,22.142857142857142,23.285714285714285,14,2996,1.5943741653274393,0.030424854214970765,3.135640013962984,3.8706958690236206,-0.9872090816497803,3.4591939449310303
101,2026-05-13T10:40:45,8,30.43989436328411,3436,201.0,0,0,8,2.1245634458672877,88.12572759022119,0.3492433061699651,9.40046565774156,0.0,4.375,6.75,19.375,20.5,16,3436,1.829181531797164,0.25711768511109767,3.1508741271100007,3.3732168689339233,-0.9626419544219971,3.706728935241699
102,2026-05-13T10:42:04,8,32.95977007970214,3456,201.0,0,0,8,2.228009259259259,85.70601851851852,0.9259259259259259,11.140046296296296,0.0,5.75,5.875,20.5,21.875,16,3456,1.5859046875820022,0.025216261992454747,3.1289373990148306,3.7802739178678166,-0.9863948225975037,3.5841891765594482
103,2026-05-13T10:43:18,8,31.548310057260096,3554,201.0,0,0,8,2.251618350689558,94.96200394033211,0.45032367013791164,2.3360540388404165,0.0,5.25,6.625,22.25,20.25,16,3553,1.6284657287896316,0.06651570036683552,3.131973624462262,4.036783808334803,-0.9823652505874634,3.3864240646362305
104,2026-05-13T10:44:41,8,34.678427333943546,3471,201.0,0,0,8,2.592912705272256,94.55488331892826,0.8354940939210602,2.016709881878421,0.0,5.875,7.375,20.125,21.125,16,3471,1.8913869485200174,0.2845813670833195,3.221169120108243,3.7789786174234905,-0.9266970157623291,3.672128677368164
105,2026-05-13T10:45:45,7,35.599534729495645,3195,201.0,0,0,7,2.474937343358396,86.71679197994987,1.3784461152882206,9.429824561403509,0.0,5.714285714285714,7.428571428571429,20.714285714285715,19.571428571428573,14,3192,1.7717518628922246,0.15995928922710334,3.231060833495576,3.7378430826665863,-0.8633825182914734,3.913017749786377
106,2026-05-13T10:46:58,8,34.294641038402915,3443,201.0,0,0,8,2.643043857101365,94.8591344757479,0.7261109497531223,1.7717107173976183,0.0,6.25,7.0,18.375,20.875,16,3443,1.5400233191508488,-0.01719574735943752,3.1224794290028512,4.020647991139413,-0.976600706577301,3.4045913219451904
107,2026-05-13T10:47:56,7,29.224900402128696,2958,201.0,0,0,7,2.535496957403651,93.6105476673428,0.9465855307640297,2.9073698444895197,0.0,6.0,6.714285714285714,26.857142857142858,26.571428571428573,14,2958,1.692444601851763,0.1416323049179482,3.109305446385406,3.8404262588883284,-0.985943078994751,3.593726396560669
108,2026-05-13T10:49:07,8,33.342128382995725,3459,201.0,0,0,8,2.0815264527320037,90.25729979762937,0.9540329575021682,6.707140792136456,0.0,4.875,6.125,23.75,23.0,16,3459,1.7781846862455022,0.20810477728264232,3.1467742297099903,3.3072058921352436,-0.95688796043396,3.9440526962280273
109,2026-05-13T10:50:19,8,29.578415012918413,3478,201.0,0,0,8,1.5813686026451983,87.46405980448533,0.0,10.954571592869465,0.0,3.75,5.125,24.0,24.25,16,3478,1.6257814818615215,0.08527566973884859,3.0872012528125197,3.0948142835868566,-0.9886353611946106,3.5081918239593506
110,2026-05-13T10:51:22,7,28.94311755336821,3043,201.0,0,0,7,1.9717384160368059,95.69503779165298,0.23003614853762736,2.1031876437725927,0.0,4.857142857142857,5.714285714285714,25.0,25.714285714285715,14,3043,1.723080629998256,0.16763624029772473,3.1175292023690417,3.320211483989624,-0.9760570526123047,3.7116825580596924
111,2026-05-13T10:52:14,7,27.153808468952775,2903,201.0,0,0,7,1.687909059593524,95.55632104719255,0.0,2.7557698932139165,0.0,3.4285714285714284,5.571428571428571,28.428571428571427,28.714285714285715,14,2903,1.632601305799064,0.09424617790079992,3.0822627568850294,2.7762505442506153,-0.9938315153121948,3.7089362144470215
112,2026-05-13T10:53:19,8,34.86701696366072,3512,201.0,0,0,8,2.277904328018223,93.53644646924829,0.6264236902050114,3.559225512528474,0.0,4.875,7.125,19.25,18.0,16,3512,1.5813304853991703,0.04275194494857715,3.084954096353613,3.898507726213211,-0.9833433032035828,3.4328787326812744
113,2026-05-13T10:54:23,8,34.824942383915186,3455,201.0,0,0,8,2.489146164978292,95.31114327062228,0.0,2.199710564399421,0.0,6.0,6.75,21.5,20.75,16,3455,1.5886692933865707,0.04796868131415977,3.0893569579930045,3.9778669240913587,-0.9889755845069885,3.671656370162964
114,2026-05-13T10:55:17,7,28.712428729981184,2981,201.0,0,0,7,2.3146595102314658,94.63267359946327,0.0,3.0526668903052667,0.0,5.714285714285714,6.142857142857143,23.714285714285715,23.285714285714285,14,2981,1.5460567754308394,0.010839572096301708,3.077869488799479,3.717541065201658,-0.9897066354751587,3.5150928497314453
115,2026-05-13T10:56:33,8,32.70229695085436,3474,201.0,0,0,8,2.33160621761658,87.99654576856649,0.0,9.671848013816925,0.0,5.625,6.5,24.0,22.125,16,3474,1.6192736137346169,0.09130311458721962,3.062869545770809,3.4642737380072504,-0.9907329678535461,3.6009063720703125
116,2026-05-13T10:57:20,6,25.94157221261412,2543,201.0,0,0,6,2.477388910735352,93.70821863940228,0.0,3.814392449862367,0.0,5.166666666666667,7.333333333333333,24.5,23.333333333333332,12,2543,1.5638616223080026,0.04014015488246514,3.055287394556217,3.9222298525710357,-0.9867576956748962,3.470111131668091
117,2026-05-13T10:58:27,8,31.062642024829984,3515,201.0,0,0,8,1.9914651493598863,89.38833570412518,0.17069701280227595,8.44950213371266,0.0,4.875,5.875,20.5,20.5,16,3515,1.8365649521167497,0.284333607645749,3.1110231755883433,3.2802433231709074,-0.9599834680557251,3.6152162551879883
118,2026-05-13T10:58:59,4,17.260241072624922,1743,201.0,0,0,4,2.5817555938037864,95.5249569707401,0.0,1.8932874354561102,0.0,6.0,7.25,22.25,21.0,8,1743,1.3975745097997423,-0.12212021463710698,3.047880455502309,4.245503314305097,-0.9881440997123718,3.7284982204437256
119,2026-05-13T11:00:14,8,32.73926725611091,3445,201.0,0,0,8,1.8287373004354137,82.61248185776488,0.4934687953555878,15.065312046444122,0.0,4.875,5.0,18.375,19.0,16,3445,1.5226729784354958,-0.014954840643440548,3.0821319162496366,3.4381390458820533,-0.9880813956260681,3.5010762214660645
120,2026-05-13T11:00:56,5,23.17523207888007,2157,201.0,0,0,5,2.642559109874826,95.54937413073714,0.0,1.8080667593880388,0.0,5.2,8.2,21.6,22.0,10,2157,1.5366207215176018,0.017105870800833145,3.046838052920066,3.9041757432642044,-0.9861640930175781,3.7067933082580566
121,2026-05-13T11:01:57,7,26.4435609979555,3001,201.0,0,0,7,1.9326891036321225,94.00199933355547,0.26657780739753417,3.7987337554148617,0.0,5.285714285714286,5.0,17.142857142857142,19.428571428571427,14,3001,1.6520517999159001,0.12327024550859278,3.0643647963297553,3.4008437575703283,-0.9799328446388245,3.480036973953247
122,2026-05-13T11:03:10,8,30.17174817621708,3521,201.0,0,0,8,2.044873615450156,93.89378017608634,1.1928429423459244,2.8685032661175804,0.0,4.875,6.0,17.75,17.75,16,3521,1.672681811943037,0.14359821784546511,3.0659774653613567,3.905138583106691,-0.9758232235908508,3.4625918865203857
123,2026-05-13T11:04:29,8,33.102989204227924,3560,201.0,0,0,8,1.9943820224719102,87.86516853932584,0.028089887640449437,10.112359550561798,0.0,5.75,5.125,19.75,19.625,16,3560,1.774463719919463,0.23438035194362783,3.0869354826863855,3.3843733673575116,-0.9730772376060486,3.78346848487854
124,2026-05-13T11:05:40,8,33.32058604154736,3589,201.0,0,0,8,2.67483978824185,95.37475619949846,0.13931457230426303,1.8110894399554194,0.0,6.25,7.75,19.625,18.125,16,3589,1.652432378001755,0.10701170818674655,3.0990941732306965,4.126416800339939,-0.967881977558136,3.414979934692383
125,2026-05-13T11:06:31,6,27.686838204972446,2669,201.0,0,0,6,2.397901835893593,91.98201573623079,0.29973772948669913,5.32034469838891,0.0,5.666666666666667,7.0,23.333333333333332,22.0,12,2669,1.5127886323883921,-0.03290041759464657,3.0994061953388155,4.01404768636894,-0.9599467515945435,4.5558624267578125
126,2026-05-13T11:07:45,8,38.61306181456894,3415,201.0,0,0,8,2.8111273792093705,91.8887262079063,0.0,5.300146412884334,0.0,6.75,7.25,25.0,23.375,16,3415,1.543852250849166,0.04198470068604365,3.012006331642624,4.135615658189636,-0.9877530932426453,3.528275489807129
127,2026-05-13T11:08:35,7,25.792830954305828,2914,201.0,0,0,7,1.990391214824983,94.54358270418669,0.0,3.4660260809883323,0.0,4.857142857142857,5.428571428571429,27.571428571428573,26.571428571428573,14,2914,1.6230636910218115,0.11147062975825861,3.0296486148727126,3.231246172803367,-0.9900569915771484,3.5248608589172363
128,2026-05-13T11:09:43,8,29.247975974343717,3382,201.0,0,0,8,2.040212891780012,95.62389118864577,0.0,2.3358959195742166,0.0,5.25,5.375,26.0,25.5,16,3382,1.5803626058965101,0.06894244775094194,3.0294988253735937,3.3292545412286927,-0.9900946617126465,3.5013139247894287
129,2026-05-13T11:11:03,8,35.00709319021553,3541,201.0,0,0,8,2.2033898305084745,91.21468926553672,0.6779661016949152,5.903954802259887,0.0,5.25,6.375,20.5,21.625,16,3540,1.5794141712726495,0.058832232916074645,3.048630111385137,3.7331173359934837,-0.9537639021873474,3.5521881580352783
130,2026-05-13T11:12:16,8,30.845681473612785,3339,201.0,0,0,8,2.1563342318059298,96.43605870020964,0.0,1.4076070679844266,0.0,4.875,6.125,23.625,24.625,16,3339,1.5324533903447317,0.03257008247715021,3.006962541665416,3.5979629651264986,-0.9894282221794128,3.5225164890289307
131,2026-05-13T11:13:15,8,31.088674921542406,3482,201.0,0,0,8,2.2975301550832854,95.6634118322803,0.0,2.0390580126364157,0.0,5.25,6.75,19.375,19.5,16,3482,1.519728297278587,0.015275477266641246,3.016565202269703,3.8297811229058425,-0.9879134893417358,3.4937591552734375
132,2026-05-13T11:14:14,8,30.194172999821603,3466,201.0,0,0,8,2.336987882285055,92.03693017888055,0.0,5.626081938834392,0.0,5.0,7.125,17.25,17.5,16,3466,1.406106769424342,-0.0915957718491427,3.002941787301097,3.7683523770638203,-0.9876149892807007,3.477532386779785
133,2026-05-13T11:15:04,7,26.432579413987696,2975,201.0,0,0,7,1.8487394957983194,93.81512605042016,0.0,4.336134453781512,0.0,4.285714285714286,5.571428571428571,20.857142857142858,21.714285714285715,14,2975,1.4513006423591688,-0.0478547939001146,3.0052487095817924,3.4689185316128714,-0.9860347509384155,3.7376816272735596
134,2026-05-13T11:16:19,8,36.55789289716631,3520,201.0,0,0,8,1.9602272727272727,85.3409090909091,2.0170454545454546,10.681818181818182,0.0,4.875,5.75,18.0,17.875,16,3520,1.5615905889550932,0.04537772743788082,3.0397236462449655,3.648961605270415,-0.9818019270896912,3.4916865825653076
135,2026-05-13T11:17:12,6,29.041415304876864,2610,201.0,0,0,6,1.9547719432732849,86.92985818321196,0.15331544653123802,10.962054426983519,0.0,4.833333333333333,5.666666666666667,28.166666666666668,25.166666666666668,12,2609,1.4779505304216873,-0.02826007401336028,3.0194944450631738,3.536618096539314,-0.9760807752609253,3.750328779220581
136,2026-05-13T11:18:00,6,25.840723359026015,2653,201.0,0,0,6,2.412363362231436,95.06219374293254,0.0,2.5254428948360346,0.0,6.833333333333333,5.833333333333333,16.833333333333332,16.833333333333332,12,2653,1.5550221179357504,0.03464985363871165,3.0486640656599775,3.9597685329499654,-0.9771255850791931,4.136578559875488
137,2026-05-13T11:19:06,7,29.775938415899873,3110,201.0,0,0,7,2.7027027027027026,92.7927927927928,0.8365508365508365,3.667953667953668,0.0,6.0,7.714285714285714,23.857142857142858,21.857142857142858,14,3108,1.6646002824383823,0.11571398817568479,3.106049579102546,4.138495288575541,-0.8316181302070618,4.514814376831055
138,2026-05-13T11:20:25,6,30.386251627467573,2662,201.0,0,0,6,2.2172115745960164,87.44832769635475,2.2923712889891017,8.042089440060128,0.0,5.833333333333333,6.0,20.166666666666668,17.166666666666668,12,2661,1.628661699346223,0.10079859267716529,3.0638736844994128,4.073735580648645,-0.9602693319320679,3.6714141368865967
139,2026-05-13T11:21:27,7,26.963886599987745,3062,201.0,0,0,7,1.6982364467668192,86.31613324624429,0.6205094709340301,11.365120836054865,0.0,3.5714285714285716,5.714285714285714,20.428571428571427,18.571428571428573,14,3062,1.4606356997702088,-0.04456058764799309,3.0166799438302405,3.1436844969184676,-0.9578766822814941,3.6623899936676025
140,2026-05-13T11:22:44,8,35.75444633048028,3535,201.0,0,0,8,1.9519094766619518,90.77793493635077,0.9052333804809052,6.364922206506365,0.0,4.375,6.25,19.25,18.125,16,3535,1.6316319501260823,0.12553756352463097,3.0193233066238463,3.567266710471813,-0.972723662853241,3.7651450634002686
141,2026-05-13T11:23:57,8,31.07734968792647,3545,201.0,0,0,8,1.9746121297602257,85.55712270803949,0.9308885754583921,11.53737658674189,0.0,4.25,6.5,18.0,17.625,16,3545,1.467480702732013,-0.027003886813645295,2.996148033766076,3.589427337379675,-0.9745903611183167,3.586872100830078
142,2026-05-13T11:24:56,7,28.430951896123588,3009,201.0,0,0,7,2.1269524759056164,95.67962778331672,0.0,2.193419740777667,0.0,4.571428571428571,6.571428571428571,23.0,23.0,14,3009,1.5318078749898505,0.04658927081914044,2.9778895173803903,3.726154519485135,-0.9887752532958984,3.543116569519043
143,2026-05-13T11:25:54,6,25.469513155519962,2580,201.0,0,0,6,1.8604651162790697,89.34108527131782,0.813953488372093,7.984496124031008,0.0,4.333333333333333,5.666666666666667,17.5,17.833333333333332,12,2580,1.5858973131310212,0.09275547360857672,2.9933811771916226,3.5487490733667073,-0.9814548492431641,3.612065553665161
144,2026-05-13T11:27:14,8,30.01684036757797,3546,201.0,0,0,8,1.889452904681331,86.09701071630006,0.1692047377326565,11.844331641285956,0.0,4.375,5.875,22.25,23.25,16,3546,1.5347852767020331,0.0627604057242479,2.9504380378639325,3.1941479541810622,-0.9910478591918945,3.6494979858398438
145,2026-05-13T11:28:32,8,38.32771567814052,3697,201.0,0,0,8,2.435064935064935,92.26190476190476,0.6764069264069265,4.626623376623376,0.0,6.125,7.0,22.625,21.625,16,3696,1.6474318205328473,0.12783187088871273,3.0476728287758306,4.2364647437807434,-0.9472660422325134,4.038683891296387
146,2026-05-13T11:29:25,7,26.612768536433578,2973,201.0,0,0,7,2.186343760511268,95.89640094180962,0.0,1.917255297679112,0.0,5.428571428571429,5.857142857142857,26.0,25.142857142857142,14,2973,1.4174638886423883,-0.06568627067827038,2.973291388130747,3.4955347447148597,-0.9901247024536133,3.7774758338928223
147,2026-05-13T11:30:04,5,20.895607992075384,2093,201.0,0,0,5,2.2933588150979456,95.7955088389871,0.0,1.9111323459149545,0.0,5.6,6.0,28.0,28.0,10,2093,1.5506082097352265,0.08530726747267181,2.938158421195112,3.778268335001485,-0.992108166217804,3.798163652420044
148,2026-05-13T11:31:21,8,32.39670266956091,3357,201.0,0,0,8,2.2639261245159368,96.15728328865058,0.05957700327673518,1.519213583556747,0.0,4.875,6.625,24.0,24.5,16,3357,1.5317539975027485,0.0468108437733008,2.9769888488808647,3.5512707109846815,-0.9847965240478516,3.58160400390625
149,2026-05-13T11:32:39,8,36.63547400850803,3407,201.0,0,0,8,2.171998825946581,94.48194892867626,1.0272967420017611,2.3187555033754035,0.0,5.0,6.25,25.5,23.75,16,3407,1.5650890931576877,0.08269550124271063,2.9724452327936888,3.8290244818672363,-0.9849737882614136,3.5544676780700684
150,2026-05-13T11:33:46,8,36.03884141892195,3606,201.0,0,0,8,2.218524681087077,88.57459789240156,1.2479201331114809,7.958957293399889,0.0,5.375,6.625,19.25,18.75,16,3606,1.5607820007724367,0.04807731750952371,3.0329527212306857,3.7716773524298333,-0.9499146342277527,3.436216354370117
151,2026-05-13T11:34:56,8,31.50493425130844,3473,201.0,0,0,8,1.957961416642672,93.83818024762454,0.489490354160668,3.7143679815721278,0.0,4.625,5.875,21.0,20.375,16,3473,1.5155869835879816,0.04263909708606661,2.9531974394922145,3.6508332441921993,-0.9879093766212463,3.465808391571045
152,2026-05-13T11:35:59,8,32.89090901520103,3642,201.0,0,0,8,2.1416803953871497,92.03734211971444,0.1372872048325096,5.683690280065898,0.0,5.25,6.5,20.875,20.375,16,3642,1.5965069069594755,0.10758498312179654,2.985514277475886,3.8352149002639635,-0.9697813987731934,3.579665184020996
153,2026-05-13T11:37:03,7,25.036231390200555,3000,201.0,0,0,7,1.8,86.06666666666666,0.0,12.133333333333333,0.0,4.142857142857143,5.571428571428571,21.714285714285715,21.571428571428573,14,3000,1.482391914887032,0.019041456987451966,2.933035282068886,3.1671831348630803,-0.9908110499382019,3.754549503326416
154,2026-05-13T11:38:03,6,26.842197065241635,2733,201.0,0,0,6,2.269399707174231,94.47291361639824,1.061493411420205,2.1961932650073206,0.0,6.0,6.0,25.166666666666668,28.666666666666668,12,2732,1.8052486202990239,0.2793723121739049,3.0593118887627497,3.779636256255799,-0.9135705828666687,3.766855478286743
155,2026-05-13T11:39:09,8,28.544510256499052,3401,201.0,0,0,8,2.0582181711261396,96.61864157600705,0.0,1.323140252866804,0.0,5.0,5.75,22.125,22.0,16,3401,1.4854608234671978,0.03049612414179137,2.9175034651416354,3.787033245411294,-0.9889347553253174,3.6450464725494385
156,2026-05-13T11:40:13,7,30.951291986741126,3144,201.0,0,0,7,2.2900763358778624,90.48982188295166,4.293893129770993,2.926208651399491,0.0,5.714285714285714,6.571428571428571,18.714285714285715,20.142857142857142,14,3144,1.6137687565528165,0.10499493070594212,3.0259703493793495,4.211348842800362,-0.9546416997909546,4.750717639923096
157,2026-05-13T11:41:37,8,38.09868208412081,3641,201.0,0,0,8,2.4752475247524752,90.12651265126513,1.2376237623762376,6.16061606160616,0.0,5.0,7.75,20.25,16.125,16,3636,1.5623365800101494,-0.0011635798626628002,3.135400893865153,4.200287059764378,-0.8048367500305176,3.2424354553222656
158,2026-05-13T11:43:01,8,35.33596398495138,3597,201.0,0,0,8,2.279677509035307,89.04642757853767,1.1398387545176536,7.534056157909369,0.0,6.0,6.25,18.875,19.75,16,3597,1.5480270542406005,0.07309550068589488,2.958110501524061,4.123697207324767,-0.9835096597671509,3.4864113330841064
159,2026-05-13T11:43:57,6,31.365503270179033,2790,201.0,0,0,6,2.2580645161290325,92.1146953405018,1.7921146953405018,3.835125448028674,0.0,5.5,7.0,13.166666666666666,13.0,12,2790,1.525429912256107,0.04689871775008214,2.9659656272269785,4.451619107464467,-0.9708691835403442,3.4527065753936768
160,2026-05-13T11:45:01,7,28.947652723640203,3019,201.0,0,0,7,2.3848956608148395,90.29479960251739,0.6624710168930109,6.65783371977476,0.0,5.428571428571429,6.857142857142857,25.285714285714285,26.857142857142858,14,3019,1.6547880748027892,0.17993149352332694,2.956799930369016,3.54338390504563,-0.9729269742965698,3.738833427429199
161,2026-05-13T11:45:52,5,21.03587285336107,2105,201.0,0,0,5,2.375296912114014,95.29691211401425,0.0,2.327790973871734,0.0,5.6,6.4,27.2,27.8,10,2105,1.4309142742262775,-0.02170378297341813,2.91336736374069,4.065624670649413,-0.9882833361625671,4.014839172363281
162,2026-05-13T11:47:03,6,26.74531890451908,2530,201.0,0,0,6,2.4901185770750986,94.26877470355731,0.0,3.241106719367589,0.0,5.833333333333333,6.666666666666667,25.833333333333332,24.833333333333332,12,2530,1.458107152532423,-0.009059885991320016,2.9415670093148947,3.616466133704307,-0.9908361434936523,3.6886746883392334
163,2026-05-13T11:48:12,8,29.961023115552962,3340,201.0,0,0,8,2.065868263473054,96.25748502994011,0.0,1.6766467065868262,0.0,5.125,5.5,18.875,19.75,16,3340,1.4623512823934544,0.005860215366283228,2.91996248223586,3.4901740907589556,-0.9854591488838196,3.5465242862701416
164,2026-05-13T11:49:18,7,27.82162341568619,3090,201.0,0,0,7,2.1359223300970873,88.64077669902913,1.2944983818770226,7.9288025889967635,0.0,5.428571428571429,6.0,14.142857142857142,15.428571428571429,14,3090,1.5282010993686073,0.07185050743009924,2.920284361054655,3.79158858881965,-0.9821287393569946,3.539759635925293
165,2026-05-13T11:50:07,7,24.924387104809284,2880,201.0,0,0,7,1.8402777777777777,95.9375,0.0,2.2222222222222223,0.0,3.7142857142857144,5.857142857142857,26.857142857142858,26.714285714285715,14,2880,1.4739514905010238,0.028292719011915324,2.8974768288317136,3.07964292674842,-0.9900090098381042,3.7715234756469727
166,2026-05-13T11:51:24,8,35.59851717762649,3663,201.0,0,0,8,2.293202293202293,89.38028938028938,1.1193011193011193,7.207207207207207,0.0,5.875,6.625,14.0,14.125,16,3663,1.4742777216913692,-0.003544199342286447,2.963692968536634,4.0245632346614,-0.9588401317596436,3.440573215484619
167,2026-05-13T11:52:46,8,34.112966186366975,3371,201.0,0,0,8,2.5511717591219223,94.77899733016909,0.0,2.6698309107089884,0.0,5.625,7.125,22.625,21.375,16,3371,1.3746278004802426,-0.06237793159493776,2.8816748569952324,3.8316964224359253,-0.9889616370201111,3.5711395740509033
168,2026-05-13T11:53:56,7,31.386769118718803,3222,201.0,0,0,7,2.2346368715083798,91.74425822470515,2.0484171322160147,3.972687771570453,0.0,5.285714285714286,7.0,14.0,15.285714285714286,14,3222,1.5733526036694647,0.07775857152239496,2.999633147730492,4.222541718176217,-0.940431535243988,3.5734550952911377
169,2026-05-13T11:54:55,7,25.470517148263752,2917,201.0,0,0,7,1.7140898183064792,94.03496743229346,0.0,4.250942749400068,0.0,3.4285714285714284,5.714285714285714,24.714285714285715,25.142857142857142,14,2917,1.458490181050338,0.037635783746736706,2.8475912885623984,2.9412469775979844,-0.9930248856544495,3.7460339069366455
170,2026-05-13T11:56:10,8,35.81752541940659,3560,201.0,0,0,8,1.853932584269663,85.3932584269663,1.2078651685393258,11.544943820224718,0.0,4.0,6.25,16.25,15.375,16,3560,1.5268507247129115,0.07075471541611478,2.91915609233547,3.482036870938373,-0.9776725172996521,3.455132246017456
171,2026-05-13T11:57:06,7,29.093305110000074,3089,201.0,0,0,7,2.4603431531239885,94.88507607640013,0.12949174490126256,2.5250890255746197,0.0,5.571428571428571,7.285714285714286,17.857142857142858,18.714285714285715,14,3089,1.7719715681174384,0.2795168326993007,2.9928221262525767,3.9563277081506385,-0.9237881898880005,4.584329128265381
172,2026-05-13T11:57:40,4,16.897417079657316,1782,201.0,0,0,4,2.132435465768799,93.43434343434343,2.861952861952862,1.5712682379349046,0.0,5.5,6.0,16.75,18.25,8,1782,1.9684717898606632,0.45904742844140856,3.0260979286395013,3.624602900496029,-0.9043787121772766,3.894042491912842
173,2026-05-13T11:58:50,8,29.359786068089306,3424,201.0,0,0,8,2.132632193981887,93.48524685947999,1.1393514460999123,3.242769500438212,0.0,4.75,6.375,23.5,23.0,16,3423,1.7085228327579463,0.2323624177788588,2.9596555384341627,3.6673542379940045,-0.8805824518203735,3.6895864009857178
174,2026-05-13T12:00:05,8,32.830361113883555,3577,201.0,0,0,8,2.068772714565278,91.86469108191221,2.2644674308079398,3.8020687727145654,0.0,4.5,6.75,18.875,19.75,16,3577,1.5601926540096174,0.11771549918285018,2.893160554522183,4.1031224343241774,-0.9739317893981934,3.8582825660705566
175,2026-05-13T12:01:06,7,25.784961347468197,2989,201.0,0,0,7,1.873536299765808,89.02643024422883,0.0,9.100033456005352,0.0,5.0,5.0,21.714285714285715,21.285714285714285,14,2989,1.4438917091926777,0.020841074871896126,2.8536019603488967,3.7503458536666585,-0.9872738122940063,4.004812240600586
176,2026-05-13T12:02:03,6,26.849732796661556,2535,201.0,0,0,6,2.6429980276134124,94.55621301775147,0.0,2.8007889546351086,0.0,6.333333333333333,6.833333333333333,27.166666666666668,27.166666666666668,12,2535,1.4910366928337044,0.05666571216829652,2.8756791772320867,3.468607950635487,-0.9902178645133972,4.001363754272461
177,2026-05-13T12:02:48,6,24.064536371268332,2578,201.0,0,0,6,2.017067494181536,86.5011636927851,0.23273855702094648,11.249030256012412,0.0,5.0,5.666666666666667,18.666666666666668,20.833333333333332,12,2578,1.4070012246877386,-0.022741066552498523,2.866533211665228,3.524314592376868,-0.9818153977394104,3.991227149963379
178,2026-05-13T12:03:51,7,27.39231970347464,3016,201.0,0,0,7,2.1551724137931036,89.12466843501326,0.16578249336870027,8.554376657824934,0.0,5.142857142857143,6.142857142857143,21.0,20.428571428571427,14,3016,1.349368530433213,-0.07604620814709051,2.8581840336555615,3.677278247477261,-0.9823489785194397,3.6323800086975098
179,2026-05-13T12:04:47,7,30.406902658753097,2995,201.0,0,0,7,2.4707846410684473,90.61769616026712,0.5342237061769616,6.377295492487479,0.0,6.0,6.571428571428571,24.428571428571427,24.142857142857142,14,2995,1.3756750360558545,-0.04056549858159997,2.8405031961156055,4.011063420348364,-0.9893022775650024,3.77764892578125
180,2026-05-13T12:05:47,8,31.04786903038621,3438,201.0,0,0,8,2.036067481093659,90.02326934264107,0.0,7.940663176265271,0.0,4.125,6.625,21.25,21.125,16,3438,1.5348419650026626,0.102298923703529,2.8715712485136464,3.242582957689592,-0.9743314981460571,4.593327522277832
181,2026-05-13T12:06:52,7,28.366909028962255,3060,201.0,0,0,7,1.8954248366013071,87.3202614379085,1.0130718954248366,9.77124183006536,0.0,5.428571428571429,4.857142857142857,16.285714285714285,16.0,14,3060,1.381125429974043,-0.042705758016836626,2.8549065140541643,3.622069036202447,-0.985474705696106,3.5243866443634033
182,2026-05-13T12:07:51,7,25.82692851126194,2964,201.0,0,0,7,2.1592442645074224,94.02834008097166,0.0,3.8124156545209176,0.0,4.857142857142857,6.285714285714286,21.0,21.428571428571427,14,2964,1.4243732537293234,0.014662305548426957,2.826015407277737,3.2967554579718126,-0.9899188876152039,3.7270185947418213
183,2026-05-13T12:08:50,6,27.675104092806578,2718,201.0,0,0,6,2.2442972774098604,93.04635761589404,1.177336276674025,3.532008830022075,0.0,4.666666666666667,7.5,17.166666666666668,17.0,12,2718,1.4616445531112805,0.033183802597704926,2.865024112921674,4.051305947261426,-0.9802464246749878,3.630988836288452
184,2026-05-13T12:09:57,7,31.73017410095781,3059,201.0,0,0,7,2.288329519450801,90.58515854854528,0.42497548218372017,6.701536449820202,0.0,4.857142857142857,7.142857142857143,27.428571428571427,24.428571428571427,14,3059,1.6412319362952095,0.18858668884308827,2.912717326893471,3.713415994614479,-0.9582933187484741,3.6552321910858154
185,2026-05-13T12:11:11,8,32.413732308894396,3576,201.0,0,0,8,1.986013986013986,95.35664335664336,0.6993006993006993,1.9580419580419581,0.0,4.625,6.125,15.375,17.5,16,3575,1.4920236118862376,0.05429835789527715,2.882845169340726,3.697330679402512,-0.9521012306213379,3.5590178966522217
186,2026-05-13T12:12:28,8,31.42271763458848,3434,201.0,0,0,8,1.8637157833430402,92.13744903902155,0.0,5.998835177635411,0.0,4.75,5.25,24.625,25.0,16,3434,1.4751744497571027,0.07006540237034642,2.8169227819307707,3.3523435786291884,-0.9869546294212341,3.739678144454956
187,2026-05-13T12:13:42,7,30.61441210657358,3206,201.0,0,0,7,2.8696194635059262,93.32501559575796,0.18714909544603867,3.6182158452900812,0.0,7.0,8.142857142857142,19.714285714285715,17.142857142857142,14,3206,1.4489318122195618,0.035310441685396654,2.835939634242095,4.348446586882346,-0.9772878289222717,3.540097236633301
188,2026-05-13T12:14:45,7,25.987927769310772,2928,201.0,0,0,7,1.8101092896174864,95.11612021857924,0.0,3.0737704918032787,0.0,4.857142857142857,4.714285714285714,28.0,28.714285714285715,14,2928,1.4430315983961308,0.03555621929854169,2.821743107982911,3.396174893866373,-0.9905256032943726,3.8620827198028564
189,2026-05-13T12:15:54,7,28.400400324724615,3168,201.0,0,0,7,2.335858585858586,90.43560606060606,0.6313131313131313,6.597222222222222,0.0,5.0,7.571428571428571,19.0,17.714285714285715,14,3168,1.5714653091727286,0.14437603356986983,2.8613832108094357,3.602329801859014,-0.9692249298095703,3.7153306007385254
190,2026-05-13T12:16:58,7,28.413547676987946,3091,201.0,0,0,7,2.0388349514563107,94.91909385113269,0.5825242718446602,2.459546925566343,0.0,5.0,5.857142857142857,17.857142857142858,18.714285714285715,14,3090,1.545658166299138,0.11155488198937746,2.8760118565987796,3.9026439896292686,-0.9587165713310242,3.755498170852661
191,2026-05-13T12:17:58,8,31.812621380202472,3488,201.0,0,0,8,2.121559633027523,91.28440366972477,0.0860091743119266,6.50802752293578,0.0,4.75,6.5,20.25,20.375,16,3488,1.735444251344682,0.30302023125841515,2.8716411159257405,3.396537876603361,-0.9611505270004272,4.020349025726318
192,2026-05-13T12:19:07,7,31.96369799040258,3190,201.0,0,0,7,2.1003134796238245,86.64576802507837,2.445141065830721,8.808777429467085,0.0,5.142857142857143,6.428571428571429,15.428571428571429,14.714285714285714,14,3190,1.4770936612600598,0.02906086512894035,2.9042521900264546,4.093298882107774,-0.962313711643219,3.8832905292510986
193,2026-05-13T12:20:23,8,35.50676787272096,3407,201.0,0,0,8,2.3774581743469327,94.2764895802759,0.0,3.3460522453771646,0.0,5.25,6.875,23.0,22.5,16,3407,1.3657392479245363,-0.025684130472882316,2.7908519844640978,4.0026138346302105,-0.9898290634155273,3.74033784866333
194,2026-05-13T12:21:22,7,27.489537154324353,2899,201.0,0,0,7,2.138668506381511,89.47913073473612,0.0,8.382200758882373,0.0,5.142857142857143,5.714285714285714,28.714285714285715,30.285714285714285,14,2899,1.3762164141985236,-0.015429282135471567,2.7893729894421995,3.040798387104587,-0.9936124682426453,3.6154606342315674
195,2026-05-13T12:22:31,7,31.406813110224903,3132,201.0,0,0,7,2.330779054916986,91.28352490421456,0.5108556832694764,5.874840357598979,0.0,5.857142857142857,6.571428571428571,19.857142857142858,19.857142857142858,14,3132,1.506501525153488,0.08812021318271945,2.8445566580048762,3.8970170316697477,-0.9772412776947021,3.626479387283325
196,2026-05-13T12:23:38,7,29.917720291763544,3067,201.0,0,0,7,2.380176067818715,93.64199543527877,1.5976524290837952,2.380176067818715,0.0,6.0,6.428571428571429,17.285714285714285,17.0,14,3067,1.3700895855998825,-0.04507802552780049,2.8386795704136603,4.172174079147226,-0.9764478802680969,3.6229445934295654
197,2026-05-13T12:24:27,5,22.789185035973787,2216,201.0,0,0,5,2.211191335740072,93.32129963898917,1.128158844765343,3.339350180505415,0.0,5.4,6.4,12.4,14.6,10,2216,1.3733253080146532,-0.030854644377541263,2.8166433995356783,4.141747375644627,-0.9775007367134094,3.6767241954803467
198,2026-05-13T12:25:17,6,27.322352243587375,2576,201.0,0,0,6,2.018633540372671,89.2468944099379,0.0,8.73447204968944,0.0,4.5,6.166666666666667,23.0,21.166666666666668,12,2576,1.5341593889952856,0.13113705197793024,2.813608847791329,3.782086878309201,-0.9793869256973267,3.7336761951446533
199,2026-05-13T12:26:27,7,25.969364167191088,3022,201.0,0,0,7,2.0516214427531434,88.78226340172071,0.0,9.16611515552614,0.0,5.571428571428571,5.285714285714286,20.571428571428573,21.571428571428573,14,3022,1.3301564071456031,-0.06383203792779568,2.7949500281829387,3.4865690180704405,-0.987360417842865,3.836327075958252
200,2026-05-13T12:27:41,7,31.699734404683113,3112,201.0,0,0,7,2.538560411311054,93.99100257069409,1.6388174807197944,1.8316195372750643,0.0,6.142857142857143,7.142857142857143,20.857142857142858,20.571428571428573,14,3112,1.4775190765479964,0.05458121093624868,2.8537639445276,3.9441066520521417,-0.9739412069320679,3.55952787399292
201,2026-05-13T12:28:45,8,33.644385810010135,3673,201.0,0,0,8,2.0697167755991286,92.26579520697167,2.314814814814815,3.349673202614379,0.0,4.375,6.875,22.875,20.125,16,3672,1.580675790840295,0.1523172625807092,2.8642439968534745,3.763470167151354,-0.9313783645629883,4.353200435638428
202,2026-05-13T12:29:56,8,29.77593048941344,3409,201.0,0,0,8,1.9947198591962452,96.42123789967732,0.0,1.58404224112643,0.0,5.25,5.25,22.625,22.875,16,3409,1.4231963185840268,0.04188142362704639,2.769620541308541,3.495375697290001,-0.9898514151573181,3.5910048484802246
203,2026-05-13T12:30:59,7,29.25245062634349,3035,201.0,0,0,7,1.812191103789127,83.95387149917627,1.8451400329489291,12.388797364085667,0.0,5.142857142857143,4.714285714285714,16.0,16.428571428571427,14,3035,1.52882879752175,0.12522378126300282,2.814120547438506,3.4552574605058908,-0.9791193604469299,3.682337522506714
204,2026-05-13T12:32:10,7,30.916572497226298,3148,201.0,0,0,7,2.2236340533672174,86.72172808132147,1.0800508259212198,9.974587039390089,0.0,5.428571428571429,6.428571428571429,17.0,16.142857142857142,14,3148,1.4425452580024611,0.038063563140894985,2.8169871751451865,4.011892711027031,-0.9639255404472351,4.890284538269043
205,2026-05-13T12:33:25,8,35.47528000827879,3640,201.0,0,0,8,2.2814733369983506,89.27982407916437,1.9516217702034084,6.487080813633865,0.0,5.625,6.75,15.0,15.25,16,3638,1.7434372847874273,0.25639051538018975,2.981413263187278,3.6598621864013694,-0.8519375920295715,3.5453131198883057
206,2026-05-13T12:34:29,7,27.822285992093384,3050,201.0,0,0,7,1.9672131147540983,85.60655737704919,1.4098360655737705,11.01639344262295,0.0,4.857142857142857,5.714285714285714,26.714285714285715,27.142857142857142,14,3050,1.5498419452900725,0.12451034371326841,2.857390385819599,3.3635913329953837,-0.9603429436683655,4.252382755279541
207,2026-05-13T12:35:29,7,25.64852054603398,2977,201.0,0,0,7,1.645952300974135,91.93819281155525,0.13436345314074571,6.281491434329863,0.0,4.285714285714286,4.714285714285714,25.428571428571427,24.285714285714285,14,2977,1.535231178225497,0.16109311459138098,2.7537948155077174,2.7593441197427637,-0.9894754886627197,3.648739814758301
208,2026-05-13T12:36:35,8,35.7806811099872,3765,201.0,0,0,8,2.126528442317916,90.37745879851143,1.5151515151515151,5.980861244019139,0.0,4.375,7.625,19.125,18.375,16,3762,1.8647693023109533,0.4265948811016642,2.8832507291808724,3.4509433811472263,-0.804458737373352,4.008988380432129
209,2026-05-13T12:38:05,8,33.83277730643749,3452,201.0,0,0,8,2.72305909617613,94.72769409038239,0.0,2.549246813441483,0.0,6.375,7.375,23.875,25.25,16,3452,1.3923858892837198,0.021070705403872125,2.750378987402655,3.874309821479983,-0.9882737994194031,3.5897085666656494
